brith,1
mayst,1
tinea,1
tutee,1
swear,1
uvula,1
conge,1
rents,1
queue,1
fluty,1
wrens,1
wrote,1
sowed,1
tepas,1
assai,1
loose,1
sheal,1
booby,1
uncut,1
inbye,1
arise,1
mohel,1
coned,1
baldy,1
brugh,1
lours,1
hived,1
softy,1
naive,1
teals,1
quids,1
arepa,1
tears,1
fadge,1
necks,1
iodid,1
kerbs,1
tabla,1
bogey,1
jibed,1
loess,1
short,1
herry,1
shone,1
stake,1
looed,1
trows,1
billy,1
jukes,1
tabun,1
learn,1
vital,1
emyds,1
flute,1
rants,1
rugby,1
stied,1
cubed,1
donut,1
proas,1
scuta,1
blase,1
empty,1
grebe,1
stets,1
plums,1
flies,1
flout,1
taroc,1
shtik,1
skirt,1
rosed,1
zingy,1
clink,1
flied,1
palls,1
piles,1
chest,1
cymol,1
frets,1
korat,1
doyly,1
fawny,1
cella,1
palps,1
wadis,1
wrong,1
indow,1
plain,1
mokes,1
centu,1
dorps,1
swart,1
skelm,1
creed,1
combe,1
derby,1
lodge,1
rodes,1
biggy,1
cloud,1
horah,1
flail,1
copen,1
leges,1
shade,1
level,1
eaves,1
drabs,1
spica,1
throb,1
tanto,1
exist,1
loges,1
shyly,1
milos,1
serry,1
redox,1
fuzes,1
yanks,1
alefs,1
often,1
tramp,1
casks,1
funky,1
moldy,1
binge,1
routs,1
barns,1
noggs,1
marcs,1
idles,1
synth,1
fills,1
chuff,1
mensh,1
jalap,1
dyers,1
milpa,1
gator,1
metol,1
sayer,1
snarf,1
lapel,1
limns,1
first,1
floss,1
doves,1
mayor,1
prism,1
hares,1
nobly,1
misdo,1
twerp,1
sault,1
imbue,1
shave,1
cnida,1
flong,1
hunch,1
facet,1
glary,1
dryly,1
squid,1
alone,1
opahs,1
wonks,1
links,1
plunk,1
pukes,1
acorn,1
flats,1
nival,1
saran,1
moods,1
tophi,1
coxed,1
fused,1
hawks,1
pekin,1
afoot,1
minny,1
cored,1
pored,1
ivied,1
raper,1
spade,1
snaws,1
ached,1
twaes,1
horal,1
faced,1
turps,1
rerun,1
steer,1
dashy,1
idiot,1
terms,1
alloy,1
wyles,1
cylix,1
diazo,1
civvy,1
grith,1
bints,1
slate,1
there,1
apers,1
soman,1
untie,1
aggie,1
braws,1
shogi,1
lidos,1
velar,1
haems,1
unmet,1
fados,1
fohns,1
japed,1
amiss,1
coifs,1
erses,1
fjord,1
solar,1
rodeo,1
sodas,1
pleat,1
aurae,1
tzars,1
gibed,1
razes,1
drank,1
bilby,1
sarod,1
ocrea,1
cepes,1
proof,1
vouch,1
sours,1
clonk,1
gowks,1
narks,1
skirl,1
babul,1
axels,1
lopes,1
dropt,1
anole,1
loved,1
crate,1
educe,1
varia,1
raias,1
podia,1
limba,1
patty,1
infra,1
using,1
grays,1
japes,1
dooly,1
oozes,1
jolty,1
yodhs,1
ribby,1
asker,1
skiey,1
jehus,1
ogres,1
punny,1
ogler,1
album,1
mungo,1
delly,1
ruses,1
pearl,1
janty,1
gaffs,1
vinas,1
lunch,1
civie,1
murky,1
flack,1
vulva,1
haded,1
fakes,1
merge,1
herma,1
auric,1
laked,1
paste,1
where,1
ruing,1
padri,1
cines,1
wazoo,1
chows,1
seams,1
faint,1
knish,1
trout,1
ulnae,1
yikes,1
wauls,1
peris,1
umiac,1
scurf,1
tries,1
raxes,1
chivy,1
deals,1
cukes,1
draws,1
nicad,1
lowed,1
elide,1
volts,1
wilds,1
brins,1
rends,1
firer,1
tubby,1
kalpa,1
etape,1
fifty,1
binit,1
egret,1
jukus,1
thiol,1
educt,1
jaggy,1
frost,1
blued,1
opium,1
gater,1
bumph,1
tarns,1
skees,1
sabes,1
crimp,1
hoper,1
vinca,1
almah,1
rishi,1
byres,1
fates,1
poove,1
scans,1
agama,1
metal,1
adunc,1
lacer,1
penne,1
hayed,1
paseo,1
duces,1
obias,1
dodge,1
mucky,1
obeys,1
amber,1
tommy,1
patly,1
pisco,1
toddy,1
swops,1
thorp,1
sneck,1
merks,1
thank,1
slosh,1
abaka,1
elain,1
navvy,1
resit,1
quins,1
azure,1
ramet,1
toady,1
guard,1
fitch,1
soldi,1
wirer,1
keeve,1
toner,1
ashed,1
beans,1
kanzu,1
other,1
drawn,1
funks,1
mumus,1
homie,1
anils,1
surah,1
linos,1
dhows,1
playa,1
yechs,1
tract,1
ombre,1
apron,1
haply,1
diode,1
cites,1
calks,1
fenny,1
guild,1
aglow,1
burke,1
aroid,1
culex,1
black,1
iller,1
spicy,1
tumps,1
blond,1
achoo,1
oiled,1
trogs,1
apart,1
leans,1
slugs,1
trets,1
geoid,1
kiter,1
woald,1
forte,1
dinks,1
sloth,1
curch,1
nuder,1
apeek,1
tonga,1
befit,1
biter,1
naans,1
blocs,1
frays,1
smeek,1
hoody,1
sente,1
rough,1
sonny,1
laics,1
blood,1
kakas,1
safes,1
spang,1
raven,1
truck,1
meths,1
aioli,1
plies,1
mells,1
shute,1
cases,1
bazar,1
lacey,1
malts,1
septa,1
eidos,1
roust,1
waker,1
gorge,1
cabin,1
ogams,1
horde,1
jurat,1
hobos,1
raggy,1
bairn,1
cotta,1
filos,1
chain,1
tepal,1
comte,1
pogey,1
farci,1
adobo,1
ozone,1
liane,1
mesas,1
grail,1
slice,1
bests,1
focal,1
chirm,1
fiars,1
sedan,1
doter,1
squad,1
stoat,1
amole,1
vends,1
gusto,1
dynes,1
zoons,1
eared,1
jabot,1
tipsy,1
tawer,1
usurp,1
polar,1
xylyl,1
bongo,1
joram,1
clags,1
dados,1
liner,1
poyou,1
perky,1
enact,1
gybes,1
tachs,1
domal,1
stane,1
missy,1
amiga,1
gluer,1
takes,1
cooly,1
taxus,1
cafes,1
clons,1
gabby,1
brads,1
slier,1
puppy,1
sagum,1
piled,1
humid,1
pommy,1
marvy,1
nosed,1
piety,1
pints,1
stink,1
amice,1
roves,1
gally,1
dipso,1
laker,1
curia,1
prise,1
creep,1
ziram,1
froth,1
barca,1
jewel,1
sends,1
poboy,1
means,1
scots,1
wraps,1
yearn,1
ramie,1
thoro,1
mulls,1
mills,1
caste,1
dusty,1
hissy,1
terce,1
blobs,1
karma,1
dregs,1
huffs,1
rased,1
doura,1
cents,1
civic,1
abyss,1
relic,1
duals,1
hewed,1
dodgy,1
wecht,1
shags,1
exons,1
tecta,1
woosh,1
lunas,1
frass,1
obole,1
nides,1
fazed,1
girth,1
edema,1
neaps,1
primo,1
gonif,1
coach,1
honan,1
oorie,1
adios,1
jumps,1
lapin,1
hider,1
oohed,1
fermi,1
sooks,1
squeg,1
sells,1
hedgy,1
batch,1
botas,1
ought,1
goofs,1
bogie,1
ocean,1
buyer,1
femes,1
rutin,1
gnaws,1
lilac,1
afoul,1
crown,1
cobra,1
early,1
cuing,1
kayos,1
shris,1
sagos,1
bluff,1
gaunt,1
fremd,1
spend,1
whigs,1
poult,1
lowes,1
masks,1
bless,1
mewed,1
lusty,1
doles,1
throe,1
fakey,1
ankhs,1
shaly,1
menta,1
panty,1
gadjo,1
cetes,1
sharp,1
digit,1
blams,1
teeny,1
coked,1
typed,1
redds,1
races,1
exing,1
smolt,1
vairs,1
neons,1
trass,1
styes,1
marks,1
ruder,1
inert,1
heeze,1
trews,1
pujah,1
mange,1
stere,1
bayou,1
praam,1
index,1
oread,1
bores,1
carps,1
fancy,1
broad,1
dints,1
oaths,1
order,1
tried,1
lyssa,1
footy,1
pilus,1
daily,1
soras,1
kines,1
nails,1
lader,1
kluge,1
ogled,1
bocks,1
taxol,1
kbars,1
gorms,1
lapis,1
thrum,1
skive,1
peels,1
soaks,1
tibia,1
raids,1
foins,1
secco,1
ureal,1
diked,1
enate,1
skelp,1
refry,1
shalt,1
stems,1
tomes,1
grips,1
celeb,1
cries,1
nazis,1
amass,1
wench,1
stout,1
cutin,1
wally,1
oxeye,1
doums,1
puggy,1
vichy,1
light,1
annas,1
zamia,1
aloft,1
ribes,1
kythe,1
geeks,1
filch,1
unfix,1
eikon,1
fiats,1
topaz,1
erose,1
peeve,1
mures,1
thuya,1
wowed,1
lauds,1
brank,1
curvy,1
outer,1
quits,1
uncap,1
anise,1
smite,1
aging,1
moray,1
preys,1
skyed,1
pages,1
ready,1
kumys,1
posed,1
liger,1
games,1
derma,1
soapy,1
yummy,1
tansy,1
nervy,1
hided,1
gamey,1
villa,1
siker,1
quipu,1
lenis,1
revet,1
harem,1
byssi,1
clods,1
demur,1
pesky,1
brain,1
trios,1
tikka,1
verbs,1
mails,1
gager,1
slims,1
porgy,1
dangs,1
geeky,1
overt,1
shuck,1
dicty,1
bonny,1
smuts,1
ensue,1
rotas,1
sweer,1
decaf,1
fudge,1
rolls,1
zeals,1
magot,1
croci,1
perdu,1
molls,1
quasi,1
bubba,1
quest,1
unsay,1
allod,1
cones,1
laich,1
garth,1
kiddo,1
treen,1
dagos,1
slave,1
wrick,1
vigil,1
halls,1
roues,1
soggy,1
kombu,1
skews,1
handy,1
sixte,1
feued,1
relet,1
rugal,1
saree,1
loggy,1
sughs,1
riffs,1
beach,1
globs,1
trove,1
gecks,1
middy,1
burin,1
luges,1
caged,1
gummy,1
awned,1
sophy,1
fumer,1
gulag,1
weedy,1
earth,1
padre,1
refix,1
shako,1
auger,1
bikie,1
ulvas,1
cadgy,1
zooks,1
flics,1
rawin,1
ulama,1
voter,1
cedis,1
nards,1
orcas,1
cares,1
meant,1
globe,1
mayed,1
bends,1
spiry,1
nerve,1
ambit,1
bents,1
pardi,1
axite,1
hasps,1
jeans,1
minim,1
sokes,1
twins,1
plugs,1
scups,1
dodos,1
chiao,1
femme,1
wigan,1
layin,1
board,1
downy,1
hefty,1
joint,1
nadir,1
socle,1
fagot,1
fifer,1
oxide,1
bolus,1
bride,1
midge,1
buddy,1
warks,1
prole,1
harps,1
foils,1
smelt,1
pixel,1
wiped,1
super,1
fiefs,1
adore,1
mbira,1
facts,1
raita,1
galax,1
sapor,1
aegis,1
paint,1
swoon,1
hides,1
miasm,1
monas,1
delts,1
ileac,1
plump,1
gaddi,1
torch,1
korai,1
airns,1
tyees,1
cutty,1
botts,1
salon,1
mamas,1
purls,1
titan,1
silva,1
crust,1
ulnad,1
axing,1
habit,1
lusus,1
route,1
mules,1
barge,1
tiler,1
igged,1
skins,1
bleep,1
bedim,1
oboes,1
acari,1
urger,1
shill,1
refer,1
islet,1
dewar,1
padle,1
blume,1
zowie,1
rawer,1
papas,1
vinos,1
ruana,1
crepe,1
altar,1
sulfa,1
logon,1
anime,1
ouzos,1
dales,1
soave,1
ledgy,1
neems,1
yawns,1
hyper,1
bliss,1
gawsy,1
toned,1
dhuti,1
glogg,1
panic,1
verge,1
lunet,1
ghees,1
toils,1
emits,1
shelf,1
gnarr,1
daffy,1
orbit,1
crypt,1
kibbi,1
siree,1
mucks,1
suede,1
genus,1
strop,1
homer,1
unlit,1
redye,1
anion,1
kinks,1
homes,1
addax,1
space,1
chirk,1
graph,1
jehad,1
frill,1
sooty,1
pacer,1
raped,1
tulip,1
haute,1
curet,1
gavot,1
sumac,1
royal,1
caret,1
small,1
jiffs,1
kraut,1
memes,1
donne,1
delfs,1
harpy,1
segue,1
spans,1
carve,1
yclad,1
slums,1
hadji,1
found,1
roods,1
pseud,1
pawed,1
jetty,1
mercy,1
meiny,1
ranee,1
cosec,1
baled,1
sites,1
mirex,1
casas,1
plods,1
waded,1
bolds,1
escot,1
rogue,1
swish,1
bards,1
desex,1
bezil,1
poesy,1
torii,1
skies,1
coign,1
jowls,1
elope,1
swims,1
tails,1
carse,1
nites,1
dulls,1
pacas,1
spoke,1
stone,1
nines,1
trays,1
gaudy,1
warns,1
kudos,1
hanky,1
moult,1
unpin,1
vatus,1
gnome,1
magus,1
napas,1
momes,1
trots,1
dumps,1
prier,1
panga,1
clads,1
jerry,1
ghyll,1
delta,1
kaiak,1
dhoti,1
scall,1
twiny,1
kiosk,1
sored,1
rowan,1
gites,1
petal,1
eight,1
massa,1
yogee,1
rondo,1
pairs,1
heapy,1
poori,1
mucid,1
syncs,1
dying,1
pared,1
stots,1
seely,1
huffy,1
cahow,1
least,1
clime,1
cater,1
murra,1
sputa,1
sinus,1
seism,1
chili,1
duded,1
guess,1
pally,1
macaw,1
naevi,1
abets,1
pacey,1
grind,1
tammy,1
tanks,1
adits,1
yulan,1
cions,1
borks,1
hacek,1
dices,1
heals,1
ephas,1
stain,1
tatar,1
arcus,1
runic,1
tolus,1
watts,1
cairn,1
loxes,1
xenic,1
pulis,1
fleck,1
quods,1
swink,1
sunna,1
debts,1
sunns,1
trill,1
feria,1
lures,1
annoy,1
sepal,1
hypos,1
chasm,1
hooks,1
oping,1
koels,1
pouts,1
gassy,1
lurid,1
noirs,1
shack,1
jazzy,1
looms,1
psych,1
dares,1
toyon,1
fleas,1
taces,1
jakes,1
downs,1
offed,1
piths,1
primi,1
flank,1
nerts,1
shout,1
expel,1
slipe,1
honer,1
orpin,1
march,1
flubs,1
brigs,1
robin,1
alpha,1
sords,1
comps,1
units,1
tromp,1
nonce,1
sifts,1
waits,1
yuans,1
stuns,1
pinta,1
milia,1
loped,1
poufs,1
doody,1
yerba,1
taupe,1
gelts,1
moola,1
cogon,1
oyers,1
saiga,1
mitts,1
leash,1
noons,1
molal,1
perse,1
bluer,1
urbia,1
casts,1
delft,1
cower,1
cheep,1
donee,1
khafs,1
sargo,1
borax,1
tranq,1
scute,1
axman,1
built,1
anode,1
skegs,1
cobia,1
synch,1
razee,1
jebel,1
hilar,1
broth,1
biner,1
brook,1
repos,1
ulans,1
zanza,1
woven,1
jimmy,1
sabot,1
locos,1
shred,1
alamo,1
giros,1
fluff,1
aorta,1
atilt,1
thumb,1
padis,1
elute,1
heigh,1
deems,1
byway,1
rubel,1
bitts,1
porch,1
glues,1
later,1
karat,1
parle,1
prank,1
yurts,1
dacha,1
milky,1
smoke,1
rated,1
ratan,1
cakes,1
inkle,1
petti,1
finny,1
claws,1
prose,1
samps,1
dingo,1
acerb,1
hours,1
vigia,1
beton,1
codes,1
rules,1
dorks,1
apnea,1
skids,1
naval,1
sonar,1
jowed,1
pengo,1
tazze,1
ditty,1
rubby,1
email,1
nixie,1
pinko,1
cocks,1
typal,1
rages,1
almeh,1
unify,1
penny,1
idyls,1
shawl,1
wried,1
knock,1
bocci,1
fatly,1
agene,1
resin,1
slojd,1
outed,1
kicky,1
sooey,1
carer,1
cycle,1
acini,1
ideas,1
flits,1
clots,1
chiru,1
wicca,1
yokes,1
cuber,1
brits,1
groin,1
tends,1
shlub,1
ledge,1
irate,1
flare,1
verse,1
felts,1
gests,1
roque,1
genie,1
hamza,1
heath,1
paras,1
priss,1
thugs,1
antra,1
cauld,1
repot,1
lulls,1
hates,1
morae,1
grody,1
foams,1
nuked,1
rinks,1
dobra,1
ammos,1
hence,1
palsy,1
leant,1
krona,1
muted,1
wands,1
prowl,1
renig,1
bulge,1
wipes,1
wages,1
gases,1
craps,1
phone,1
drams,1
welly,1
crape,1
delay,1
waifs,1
iotas,1
gusts,1
deter,1
meous,1
chaws,1
curbs,1
kibla,1
dorms,1
gauss,1
quint,1
chaos,1
geode,1
toyed,1
tarts,1
ionic,1
swive,1
dogey,1
wings,1
retry,1
chins,1
jiber,1
creek,1
sakis,1
supes,1
maars,1
neves,1
among,1
tharm,1
snood,1
dowse,1
carol,1
lunge,1
sokol,1
stags,1
amuck,1
slags,1
dunch,1
vocal,1
palmy,1
walla,1
azans,1
dicky,1
dirls,1
tiffs,1
enema,1
abuse,1
rares,1
poker,1
pavid,1
pesos,1
spins,1
afrit,1
tondi,1
poilu,1
papaw,1
linga,1
lysed,1
spots,1
monos,1
brosy,1
phono,1
balks,1
izars,1
teach,1
stewy,1
upper,1
plaid,1
sidhe,1
amnia,1
fumet,1
ameer,1
jills,1
sheep,1
slams,1
treat,1
dusks,1
favor,1
yawed,1
toots,1
hosel,1
schul,1
recti,1
champ,1
agora,1
kraal,1
rebar,1
marka,1
liars,1
lyses,1
remet,1
stunt,1
aides,1
reams,1
kenaf,1
guile,1
leses,1
jinks,1
tones,1
curns,1
bauds,1
fetus,1
clove,1
slope,1
sexts,1
rides,1
click,1
slaps,1
agley,1
sawed,1
bohea,1
choir,1
hobby,1
antre,1
hurls,1
hafts,1
abysm,1
rearm,1
gadje,1
parks,1
poppa,1
hands,1
sties,1
marls,1
matin,1
lover,1
mazed,1
slant,1
sykes,1
clank,1
kabob,1
showy,1
gunky,1
toled,1
stull,1
leger,1
netty,1
mavis,1
aboil,1
gazes,1
gucks,1
kroon,1
notal,1
stela,1
oriel,1
slash,1
hucks,1
solum,1
lints,1
covin,1
oculi,1
vigor,1
sadly,1
dames,1
datto,1
meows,1
vivas,1
crows,1
budge,1
burbs,1
merde,1
cling,1
knits,1
jarls,1
moats,1
moody,1
pubes,1
spear,1
dawen,1
spoof,1
drape,1
pears,1
polio,1
naffs,1
phpht,1
clerk,1
paten,1
uredo,1
bails,1
forts,1
sural,1
faqir,1
turbo,1
jujus,1
lions,1
scuts,1
amyls,1
tetri,1
wizes,1
stagy,1
flake,1
skint,1
adobe,1
sadhe,1
chill,1
cokes,1
times,1
lotus,1
gayly,1
ajuga,1
whelm,1
jaggs,1
heuch,1
putts,1
moles,1
jural,1
joles,1
mount,1
miche,1
count,1
kyack,1
bluet,1
hells,1
feeze,1
tauon,1
flops,1
darbs,1
tofus,1
sloid,1
unpen,1
relay,1
cists,1
kames,1
croup,1
lidar,1
druse,1
sexto,1
vizir,1
napes,1
kench,1
halve,1
hazel,1
ohmic,1
rotor,1
flown,1
teind,1
trone,1
typic,1
gismo,1
grasp,1
clubs,1
strip,1
daunt,1
prima,1
trump,1
fundi,1
fleer,1
ruddy,1
bunch,1
vapid,1
daube,1
ovals,1
phlox,1
barye,1
viler,1
given,1
deled,1
bibbs,1
woads,1
cates,1
aches,1
dript,1
yamun,1
blitz,1
hails,1
fugal,1
preed,1
oakum,1
thous,1
shook,1
sambo,1
groom,1
chang,1
opsin,1
lured,1
kaons,1
women,1
loppy,1
colon,1
shaul,1
wynns,1
antae,1
cruds,1
loups,1
lirot,1
crops,1
nocks,1
heirs,1
veers,1
oases,1
books,1
comic,1
filly,1
scent,1
aural,1
serac,1
togue,1
fique,1
whose,1
edges,1
butts,1
malic,1
mynas,1
menad,1
totem,1
isles,1
poles,1
stunk,1
tesla,1
rabic,1
froes,1
darky,1
murex,1
trash,1
beamy,1
widow,1
krill,1
shams,1
dixit,1
zebra,1
imago,1
teffs,1
prost,1
moory,1
luffs,1
hajji,1
largo,1
manly,1
twill,1
dwine,1
kerfs,1
taffy,1
imide,1
yacks,1
soppy,1
barer,1
kusso,1
slurs,1
video,1
prate,1
codex,1
fixed,1
turfs,1
cavie,1
airts,1
scart,1
mused,1
robot,1
wells,1
refly,1
recut,1
graft,1
execs,1
hiked,1
naves,1
barks,1
oxter,1
ofter,1
thaws,1
pokes,1
jnana,1
biome,1
foyer,1
asper,1
jells,1
their,1
tests,1
clast,1
posts,1
gombo,1
boink,1
acids,1
prone,1
benny,1
holey,1
login,1
caped,1
fifth,1
salpa,1
pinup,1
knack,1
getas,1
penal,1
tasse,1
tyned,1
sodom,1
lucks,1
ceded,1
roots,1
emery,1
tarok,1
lames,1
poxes,1
plans,1
noble,1
sorts,1
morph,1
caffs,1
scour,1
jotty,1
iroko,1
stoic,1
upped,1
cures,1
yupon,1
octad,1
vowel,1
harry,1
fiber,1
prese,1
strow,1
tater,1
readd,1
drugs,1
citer,1
rooks,1
gilts,1
frats,1
bravo,1
knars,1
roups,1
dumpy,1
blend,1
kibbe,1
gowan,1
mixup,1
vibes,1
klick,1
wrung,1
dared,1
syces,1
chaff,1
wites,1
muter,1
plops,1
sicks,1
gazar,1
dunks,1
wifey,1
spiky,1
devas,1
oxime,1
visit,1
clasp,1
aboma,1
yuppy,1
sunup,1
woken,1
cusso,1
cocas,1
acned,1
metre,1
knelt,1
awing,1
holes,1
takas,1
imine,1
filer,1
titre,1
pooed,1
whiny,1
scrub,1
bewig,1
frisk,1
henry,1
armer,1
whump,1
pargo,1
manta,1
sprug,1
veeps,1
poops,1
corky,1
tenia,1
suave,1
shore,1
brush,1
raved,1
mauve,1
legit,1
dress,1
angas,1
tipis,1
scram,1
hexyl,1
swots,1
randy,1
beefy,1
cline,1
mosey,1
talky,1
beeps,1
wames,1
jowar,1
filed,1
almas,1
aquas,1
hamal,1
quern,1
naris,1
zaire,1
micro,1
curse,1
haafs,1
bhuts,1
fuels,1
equal,1
cooch,1
emmer,1
flays,1
poofs,1
yirth,1
pixie,1
wimps,1
sated,1
atone,1
begot,1
telic,1
zonal,1
terra,1
burns,1
cited,1
agism,1
jubes,1
dulia,1
eclat,1
slays,1
claim,1
lifts,1
biogs,1
crazy,1
jupon,1
clang,1
oncet,1
burds,1
cowls,1
anoas,1
ankle,1
sucre,1
butch,1
punch,1
apple,1
shrew,1
weeds,1
onlay,1
deedy,1
sulci,1
stour,1
debar,1
loath,1
dured,1
mouch,1
panne,1
craws,1
goner,1
teugh,1
jolts,1
cribs,1
fezzy,1
hajes,1
seeps,1
scoot,1
robed,1
abyes,1
ogles,1
swage,1
manes,1
samek,1
gofer,1
venue,1
speel,1
reads,1
barbs,1
dweeb,1
sengi,1
bravi,1
licht,1
teiid,1
shote,1
befog,1
paeon,1
reman,1
lucid,1
plotz,1
flued,1
sleds,1
neifs,1
davit,1
monte,1
godly,1
nanas,1
cools,1
antas,1
vetch,1
scarf,1
campi,1
rowth,1
toast,1
mucho,1
stows,1
peles,1
rebid,1
mafia,1
keets,1
terse,1
skied,1
bromo,1
tiled,1
ethyl,1
toits,1
sluts,1
scams,1
towns,1
banda,1
blaze,1
satay,1
benni,1
yaffs,1
smalt,1
beigy,1
woods,1
enter,1
forbs,1
botch,1
topos,1
wreck,1
nudes,1
crave,1
skips,1
jorum,1
sards,1
junto,1
plage,1
maqui,1
safer,1
edify,1
wards,1
mains,1
slime,1
pokey,1
lutes,1
viced,1
aport,1
drest,1
chant,1
howes,1
arval,1
lodes,1
rifts,1
brawn,1
touse,1
wilts,1
hoyas,1
eyrie,1
shily,1
haler,1
gular,1
walls,1
sewar,1
users,1
brose,1
dater,1
litai,1
retag,1
peril,1
bohos,1
cosie,1
anomy,1
sewer,1
incog,1
aitch,1
benes,1
stoae,1
alcid,1
nates,1
aware,1
lucky,1
trope,1
guano,1
chola,1
abode,1
labor,1
wheat,1
charr,1
spoil,1
mamey,1
dream,1
churn,1
butty,1
ebbed,1
yeast,1
astir,1
ureic,1
telia,1
conto,1
folio,1
tazza,1
lewis,1
fyces,1
lieus,1
bogle,1
ounce,1
stoss,1
yonis,1
abris,1
urged,1
crock,1
koans,1
mound,1
hovel,1
howls,1
dicot,1
cisco,1
dekko,1
arvos,1
viral,1
leafs,1
deair,1
haugh,1
canso,1
esker,1
setup,1
eider,1
darts,1
vizor,1
adust,1
liken,1
minke,1
mudra,1
third,1
dexie,1
gruel,1
flaps,1
solus,1
atopy,1
dolma,1
oleic,1
uveal,1
redux,1
lycea,1
dried,1
jouks,1
asana,1
stood,1
uraei,1
tunas,1
droop,1
floor,1
slily,1
lysin,1
mummy,1
yards,1
civet,1
oldie,1
ports,1
maund,1
depth,1
fling,1
galea,1
afire,1
maids,1
chert,1
wheel,1
barfs,1
bousy,1
mince,1
odahs,1
tarsi,1
coxal,1
eches,1
ruers,1
huger,1
sumps,1
onery,1
minis,1
nancy,1
mirza,1
wests,1
tyres,1
hoses,1
geese,1
moste,1
aurum,1
prang,1
pieta,1
quean,1
rhomb,1
carat,1
named,1
pangs,1
triol,1
grope,1
yourn,1
rapes,1
hotch,1
qophs,1
murre,1
stirp,1
socks,1
caput,1
maybe,1
surly,1
logos,1
surds,1
meted,1
comer,1
decor,1
pecks,1
petto,1
epoxy,1
okras,1
griff,1
farts,1
halma,1
bidet,1
nooks,1
halva,1
crude,1
summa,1
leets,1
sperm,1
ictus,1
spank,1
inrun,1
grues,1
conns,1
fared,1
atoll,1
mopes,1
aedes,1
chomp,1
revue,1
emcee,1
wails,1
viola,1
cinch,1
berry,1
purin,1
reded,1
glean,1
fetas,1
scrim,1
busts,1
topis,1
caved,1
ritzy,1
umbra,1
ocher,1
quays,1
larks,1
snack,1
plink,1
token,1
feuar,1
notch,1
junks,1
vapor,1
layer,1
poked,1
zebus,1
rales,1
wafts,1
gored,1
mewls,1
jotas,1
clefs,1
leaks,1
feoff,1
nasty,1
adeem,1
cruel,1
whang,1
fetes,1
twixt,1
shoed,1
axone,1
salic,1
theme,1
nurse,1
roans,1
hadst,1
roose,1
umbel,1
snarl,1
honda,1
dries,1
ruble,1
tutor,1
datos,1
these,1
maims,1
heats,1
grout,1
kiths,1
loury,1
berth,1
anted,1
gurus,1
shuls,1
tarre,1
motto,1
wrest,1
dolts,1
slaws,1
targe,1
telae,1
faked,1
elans,1
canid,1
hopes,1
rebec,1
humic,1
pores,1
bathe,1
angel,1
momus,1
boner,1
auxin,1
worth,1
septs,1
cobby,1
elude,1
fuzed,1
payor,1
becap,1
oasts,1
coper,1
jerky,1
fatwa,1
frere,1
nabis,1
troys,1
luffa,1
hallo,1
bonds,1
clach,1
ascus,1
lowly,1
sedge,1
tawny,1
proxy,1
curdy,1
mires,1
tilde,1
tilth,1
ambos,1
fresh,1
shies,1
taste,1
lorry,1
wisps,1
plumy,1
slipt,1
opens,1
sleet,1
brave,1
euros,1
patio,1
thebe,1
jumpy,1
pardy,1
salve,1
avert,1
steal,1
kytes,1
blade,1
hello,1
event,1
zincy,1
dikey,1
ceria,1
shoot,1
hexad,1
micks,1
kepis,1
muffs,1
fends,1
reata,1
pasty,1
cozie,1
beast,1
ngwee,1
camas,1
mimes,1
biers,1
fitly,1
seral,1
omens,1
gutty,1
rayed,1
ceili,1
sepic,1
bacca,1
alarm,1
avens,1
truss,1
bawdy,1
arils,1
wingy,1
parae,1
store,1
appel,1
bindi,1
parch,1
axmen,1
spams,1
infer,1
sharn,1
aunts,1
gudes,1
blate,1
divan,1
gibes,1
poems,1
wagon,1
prime,1
halon,1
gazoo,1
curve,1
gulls,1
tamps,1
cards,1
hilus,1
nacre,1
sobas,1
garbs,1
vines,1
rhino,1
riped,1
varas,1
spacy,1
natch,1
amity,1
flood,1
roars,1
pyran,1
whelp,1
nurls,1
isled,1
daric,1
expos,1
porno,1
mutes,1
stoai,1
moons,1
spake,1
sloop,1
grume,1
reins,1
halms,1
wader,1
tints,1
levin,1
saute,1
hadal,1
plack,1
rumor,1
cloze,1
rafts,1
clear,1
brail,1
sulky,1
plumb,1
disco,1
prize,1
pudgy,1
apian,1
agave,1
skeet,1
sulfo,1
udder,1
numen,1
ovate,1
fatso,1
doula,1
salty,1
clomb,1
ewers,1
surer,1
sises,1
satis,1
hoser,1
hutch,1
ensky,1
campo,1
atony,1
sudor,1
agons,1
gavel,1
paper,1
sprag,1
doped,1
berks,1
fazes,1
tepee,1
drubs,1
botel,1
femur,1
sudds,1
sabed,1
miler,1
solon,1
gushy,1
titty,1
muras,1
pandy,1
katas,1
happy,1
peony,1
mimer,1
radar,1
joeys,1
loans,1
water,1
brats,1
nudge,1
meson,1
rocks,1
forme,1
buhls,1
trock,1
meshy,1
lumps,1
boxes,1
thole,1
tents,1
stung,1
apter,1
faddy,1
hilly,1
share,1
slype,1
sugar,1
helps,1
morse,1
seeks,1
shank,1
muons,1
tepid,1
jaded,1
hypes,1
zills,1
bombs,1
chide,1
soled,1
stang,1
gopik,1
morro,1
cacti,1
muzzy,1
unaus,1
delis,1
grunt,1
snuck,1
psoae,1
sinks,1
winos,1
roupy,1
alert,1
acrid,1
whets,1
spiks,1
aimer,1
ladle,1
letch,1
emyde,1
wolds,1
munch,1
kaury,1
fiche,1
waffs,1
tophe,1
rebel,1
ratch,1
ricer,1
abmho,1
spine,1
juror,1
sabin,1
dadas,1
shoer,1
butut,1
still,1
nawab,1
allay,1
hulky,1
cusks,1
nucha,1
redid,1
shoos,1
tsars,1
mould,1
putty,1
flogs,1
geums,1
ripes,1
maile,1
tawse,1
chief,1
whoof,1
chams,1
jeers,1
kings,1
yamen,1
rusks,1
chore,1
fleys,1
yucca,1
tarry,1
hokum,1
fests,1
phyle,1
cosey,1
haves,1
twist,1
nerds,1
pinot,1
bruin,1
brach,1
chewy,1
sedgy,1
rasps,1
undid,1
heave,1
algid,1
waxen,1
myths,1
frugs,1
bully,1
greys,1
wills,1
rewin,1
peins,1
repro,1
roset,1
duper,1
orris,1
cysts,1
dures,1
gilly,1
licit,1
talar,1
lalls,1
brios,1
chart,1
owned,1
fanga,1
rotch,1
varus,1
drags,1
nonas,1
flues,1
seine,1
clapt,1
czars,1
comet,1
swamy,1
fykes,1
frump,1
boing,1
lovat,1
cavil,1
rynds,1
galas,1
loamy,1
sands,1
doven,1
uncle,1
mango,1
unity,1
genre,1
bassi,1
speer,1
utter,1
pelts,1
meals,1
wifty,1
haunt,1
tiros,1
matey,1
guise,1
moire,1
ichor,1
venge,1
yabby,1
scale,1
miser,1
organ,1
kurta,1
boast,1
opals,1
flung,1
radix,1
iring,1
razor,1
sanes,1
crane,1
stiff,1
roads,1
copal,1
braes,1
phase,1
cohos,1
leapt,1
viand,1
fuggy,1
spies,1
erica,1
aboon,1
belly,1
roomy,1
dairy,1
jugum,1
artel,1
outby,1
taboo,1
corse,1
krait,1
bezel,1
dishy,1
routh,1
whity,1
spilt,1
bowse,1
moils,1
taler,1
abele,1
algin,1
wight,1
aghas,1
scarp,1
canal,1
whale,1
kugel,1
plied,1
chuck,1
zymes,1
merer,1
marts,1
whens,1
baned,1
nears,1
grape,1
kales,1
haven,1
sepia,1
pelfs,1
mambo,1
sprit,1
lears,1
hoers,1
turks,1
mothy,1
glyph,1
oxlip,1
agars,1
chais,1
baiza,1
pareo,1
toons,1
yowed,1
yield,1
filet,1
limes,1
pukka,1
diram,1
duads,1
corns,1
suits,1
riles,1
flame,1
tsked,1
chugs,1
yetis,1
redan,1
lotas,1
chord,1
derry,1
hillo,1
wonts,1
wooed,1
heavy,1
baddy,1
limit,1
schmo,1
kulak,1
xerus,1
bleak,1
sumos,1
knoll,1
vague,1
looks,1
slung,1
dhole,1
brick,1
umami,1
snook,1
steno,1
rosin,1
coofs,1
burps,1
caddy,1
kerns,1
hoppy,1
scudo,1
inker,1
eland,1
adder,1
mools,1
dicey,1
paris,1
nopal,1
trial,1
lists,1
furls,1
cured,1
leuds,1
cloth,1
frags,1
begat,1
narcs,1
teems,1
furry,1
mocks,1
ovine,1
soupy,1
rille,1
sluff,1
dynel,1
bison,1
yeuks,1
alifs,1
kente,1
giant,1
lathe,1
vixen,1
tench,1
conic,1
elfin,1
sorry,1
liney,1
lweis,1
skimp,1
caeca,1
forby,1
dorty,1
drown,1
colts,1
beery,1
shuln,1
ixias,1
frier,1
passe,1
lived,1
curer,1
kazoo,1
linen,1
pails,1
sixty,1
tarty,1
gammy,1
aspis,1
dykes,1
boost,1
crier,1
dwelt,1
holed,1
brant,1
treks,1
piped,1
baton,1
waney,1
tusks,1
canna,1
abide,1
hairs,1
bates,1
pruta,1
never,1
sikes,1
fires,1
leeks,1
larky,1
manos,1
lanky,1
kreep,1
bayed,1
luger,1
atmas,1
daubs,1
snool,1
nicks,1
bunts,1
glade,1
lying,1
ataxy,1
lyres,1
fucks,1
torse,1
strap,1
modal,1
shoal,1
sadhu,1
scare,1
round,1
tolyl,1
chump,1
buses,1
pules,1
ripen,1
rowdy,1
keyed,1
caner,1
ivory,1
perch,1
wiver,1
helve,1
those,1
years,1
birks,1
enrol,1
fogie,1
rehem,1
sials,1
togas,1
fubar,1
match,1
kivas,1
gnars,1
sajou,1
psalm,1
abhor,1
loams,1
soths,1
hosta,1
feint,1
mowed,1
decal,1
coops,1
anele,1
frond,1
labia,1
honey,1
wends,1
nabob,1
yelks,1
icier,1
pampa,1
exurb,1
jinni,1
kilns,1
jucos,1
askoi,1
coeds,1
sizes,1
kelly,1
horse,1
talon,1
hypha,1
frosh,1
venus,1
schwa,1
cabal,1
hooey,1
synod,1
feyer,1
freak,1
prams,1
musca,1
cauls,1
firth,1
guyed,1
posit,1
rudds,1
idyll,1
tenth,1
adopt,1
netts,1
hosen,1
spick,1
acing,1
tweak,1
sneds,1
llano,1
malmy,1
trice,1
heart,1
crush,1
tonus,1
doits,1
zones,1
banty,1
akene,1
britt,1
doled,1
skean,1
demon,1
chino,1
thins,1
fairs,1
cleft,1
famed,1
sware,1
dozed,1
triad,1
viers,1
miffs,1
hilts,1
gamin,1
wooly,1
forky,1
panto,1
lanai,1
lathy,1
swamp,1
boral,1
twirp,1
unrig,1
hurly,1
tread,1
peppy,1
pupas,1
riled,1
cumin,1
outre,1
boyar,1
varna,1
grego,1
canny,1
parge,1
nertz,1
pyres,1
evert,1
cliff,1
emote,1
pouty,1
lobar,1
cameo,1
piker,1
leach,1
genii,1
gulfy,1
thegn,1
midis,1
ploys,1
redia,1
horny,1
blubs,1
pasha,1
veiny,1
mojos,1
gulfs,1
motif,1
truer,1
skite,1
rungs,1
baits,1
scags,1
paise,1
alike,1
jomon,1
ephah,1
sones,1
cered,1
bassy,1
hooka,1
aired,1
sully,1
usnea,1
clays,1
ghats,1
aphis,1
tacit,1
fifes,1
lysis,1
capiz,1
lubed,1
gomer,1
recce,1
rehab,1
doomy,1
lades,1
kinin,1
slink,1
jutty,1
whims,1
hoard,1
urial,1
thymy,1
coden,1
mesne,1
zings,1
dusts,1
casky,1
ragee,1
mucus,1
abaft,1
bialy,1
odyls,1
oater,1
clade,1
coria,1
nonyl,1
hicks,1
basso,1
bonks,1
bemix,1
ender,1
petit,1
rexes,1
sanga,1
gaged,1
divas,1
speed,1
womyn,1
earns,1
murry,1
nomos,1
torrs,1
hinky,1
keens,1
irked,1
pagan,1
along,1
moxie,1
massy,1
retem,1
hippy,1
naira,1
unban,1
baulk,1
asdic,1
bylaw,1
fillo,1
gouts,1
stint,1
sprat,1
owsen,1
inion,1
gleam,1
decay,1
audit,1
wheys,1
lardy,1
jambe,1
shads,1
laree,1
roach,1
fakir,1
rhyme,1
edger,1
condo,1
fards,1
shell,1
cross,1
stalk,1
fauld,1
keels,1
nacho,1
bible,1
ryots,1
finos,1
sieve,1
capes,1
thill,1
quick,1
ousts,1
azole,1
ansae,1
naric,1
gully,1
rheas,1
horst,1
lurch,1
payee,1
rater,1
vowed,1
dusky,1
resod,1
bijou,1
thymi,1
annul,1
defat,1
scoff,1
reran,1
buras,1
sighs,1
giron,1
fonts,1
staig,1
hoked,1
goods,1
guppy,1
kilts,1
mulct,1
hawse,1
recon,1
fetor,1
pulpy,1
thack,1
fines,1
bento,1
yauld,1
shorl,1
decos,1
doper,1
homey,1
cores,1
poons,1
pecky,1
fezes,1
minus,1
aught,1
agita,1
terry,1
dorky,1
cusps,1
lavas,1
spurs,1
honks,1
decry,1
vasal,1
divvy,1
parry,1
quake,1
ardeb,1
domes,1
ryked,1
netop,1
ulnar,1
telos,1
chime,1
vents,1
roils,1
draff,1
coups,1
steel,1
splay,1
amens,1
urges,1
smirk,1
tined,1
admen,1
fight,1
runty,1
broos,1
loopy,1
stobs,1
herls,1
yells,1
baith,1
inlet,1
knawe,1
apsis,1
stump,1
dense,1
wheep,1
below,1
pimas,1
amirs,1
bosom,1
shots,1
blimp,1
bubus,1
aloha,1
esnes,1
shyer,1
droll,1
lolls,1
mopey,1
detox,1
mimic,1
equid,1
power,1
scaup,1
banco,1
kalam,1
ghast,1
tikes,1
bulks,1
azine,1
runny,1
mushy,1
shoat,1
demes,1
kilos,1
ninth,1
burgs,1
caber,1
signa,1
karns,1
sabra,1
brood,1
biles,1
segno,1
dukes,1
rabbi,1
tempt,1
cense,1
zlote,1
dorrs,1
gifts,1
gleys,1
tanga,1
dozen,1
animi,1
metis,1
genoa,1
rheum,1
lakhs,1
natal,1
biker,1
melon,1
inlay,1
runes,1
coast,1
antis,1
canst,1
cerci,1
clift,1
mozos,1
conin,1
mimeo,1
tondo,1
drouk,1
leafy,1
yonic,1
feted,1
khats,1
bhang,1
molar,1
colly,1
sotol,1
souse,1
check,1
danio,1
washy,1
raphe,1
palea,1
yoghs,1
girns,1
nills,1
gists,1
ofays,1
scrum,1
novel,1
clung,1
money,1
wifes,1
justs,1
rewet,1
mirky,1
gents,1
virga,1
watap,1
moras,1
fated,1
nutsy,1
allot,1
uhlan,1
sowar,1
siege,1
whack,1
chews,1
recta,1
heres,1
babka,1
zineb,1
exams,1
leben,1
ketol,1
brash,1
exude,1
slogs,1
erase,1
grove,1
cooky,1
derat,1
magic,1
wordy,1
sound,1
remap,1
sagas,1
shlep,1
score,1
gangs,1
skits,1
bring,1
stomp,1
salts,1
every,1
wrang,1
scrag,1
loxed,1
erred,1
adapt,1
argus,1
reges,1
tufts,1
aecia,1
woops,1
shoes,1
dolce,1
fetch,1
moves,1
sheik,1
hurry,1
comix,1
holly,1
noses,1
blows,1
nurds,1
wries,1
ilium,1
fjeld,1
abohm,1
viper,1
therm,1
grant,1
muggs,1
toped,1
maser,1
artal,1
nizam,1
kopek,1
ayahs,1
petty,1
booms,1
flush,1
boffo,1
bilks,1
false,1
jatos,1
queer,1
bears,1
zests,1
holds,1
sulks,1
types,1
shivs,1
odyle,1
tally,1
gauge,1
heaps,1
solos,1
pleon,1
odors,1
adieu,1
peals,1
runts,1
celts,1
sacra,1
whoop,1
rials,1
chott,1
urase,1
spars,1
hongi,1
dandy,1
goads,1
fuzee,1
eyrir,1
taped,1
wytes,1
hilum,1
fucus,1
hylas,1
lupin,1
wenny,1
quart,1
donsy,1
mines,1
shaky,1
axiom,1
beaks,1
hazan,1
trank,1
gaffe,1
goops,1
inurn,1
tyred,1
gussy,1
shiny,1
virid,1
pigmy,1
bubby,1
chapt,1
votes,1
taxis,1
tinge,1
pyxis,1
colds,1
araks,1
curfs,1
hasty,1
silex,1
skags,1
ducks,1
dilly,1
nemas,1
monad,1
evict,1
knead,1
kains,1
waves,1
gonof,1
write,1
fusty,1
sizar,1
decks,1
brown,1
flour,1
pasta,1
vivid,1
babel,1
swoun,1
ashen,1
flirt,1
tours,1
wyted,1
clomp,1
pekes,1
melee,1
icons,1
jocko,1
guest,1
cozen,1
urped,1
jived,1
hyoid,1
donga,1
nouns,1
yills,1
spelt,1
erode,1
pipal,1
paler,1
ceres,1
profs,1
clogs,1
camos,1
three,1
waspy,1
blear,1
dight,1
mynah,1
tabus,1
spite,1
briss,1
oxids,1
hanks,1
sasin,1
purer,1
caird,1
goals,1
pence,1
stope,1
boson,1
kakis,1
sight,1
hoary,1
limbi,1
fowls,1
greet,1
banns,1
pease,1
plush,1
hodad,1
harts,1
clary,1
abler,1
pingo,1
lakes,1
coved,1
unapt,1
hexer,1
weird,1
inane,1
pisos,1
hiree,1
hames,1
bares,1
covey,1
mined,1
finca,1
kiers,1
tores,1
phial,1
silos,1
whelk,1
boobs,1
saros,1
papal,1
heist,1
vires,1
aglet,1
joule,1
fount,1
sudsy,1
miter,1
musts,1
twier,1
genip,1
cynic,1
pater,1
neigh,1
lobed,1
moist,1
franc,1
spill,1
ivies,1
cymar,1
spuds,1
bergs,1
louma,1
inarm,1
harsh,1
foods,1
crawl,1
queen,1
mashy,1
fetid,1
prats,1
biddy,1
shays,1
pikas,1
mohur,1
snots,1
arras,1
venom,1
kohls,1
smear,1
steep,1
acold,1
pupus,1
clept,1
vogue,1
pones,1
snips,1
ootid,1
waist,1
hajis,1
dated,1
lossy,1
tuxes,1
senti,1
staph,1
nevus,1
arpen,1
vices,1
putto,1
duffs,1
upset,1
award,1
gizmo,1
wynds,1
irade,1
tyers,1
perea,1
forge,1
costa,1
widdy,1
hulks,1
enemy,1
lazar,1
laded,1
skeps,1
maple,1
humpy,1
kills,1
zeros,1
yokel,1
topoi,1
damps,1
voces,1
gonef,1
peter,1
brees,1
lymph,1
envoi,1
shows,1
slurp,1
salol,1
toros,1
romeo,1
taxer,1
flask,1
rared,1
dutch,1
proud,1
newts,1
nulls,1
fayed,1
swipe,1
trapt,1
kibes,1
laten,1
remex,1
drunk,1
honor,1
idled,1
nabes,1
winds,1
circa,1
table,1
canty,1
rewed,1
ontic,1
updos,1
bruit,1
embay,1
medii,1
cutch,1
udons,1
haver,1
siren,1
quark,1
juice,1
wiser,1
zooid,1
bulla,1
taxed,1
tabby,1
usual,1
dedal,1
compt,1
butyl,1
unled,1
kenos,1
feist,1
gemmy,1
yolks,1
gutsy,1
choky,1
gimpy,1
kevil,1
tafia,1
larum,1
limpa,1
outgo,1
gonad,1
stays,1
retia,1
flunk,1
ortho,1
stopt,1
sheaf,1
pelon,1
inapt,1
draft,1
flyer,1
punto,1
lisps,1
wrier,1
chips,1
lyric,1
honky,1
rowed,1
cacao,1
coati,1
compo,1
hymns,1
korun,1
morel,1
lezzy,1
soils,1
quass,1
ditzy,1
yomim,1
blaff,1
burgh,1
kheth,1
cadis,1
fuzil,1
letup,1
imido,1
ultra,1
cheth,1
ratel,1
ardor,1
skunk,1
boric,1
hogan,1
whomp,1
terne,1
gwine,1
ganof,1
flyby,1
brung,1
argot,1
duros,1
snuff,1
incur,1
prosy,1
toeas,1
bunns,1
micra,1
perks,1
ghazi,1
muley,1
texas,1
input,1
icing,1
hoagy,1
ataps,1
knife,1
tires,1
print,1
parse,1
agria,1
nomad,1
newel,1
willy,1
webby,1
viewy,1
sooth,1
mogul,1
hocus,1
wodge,1
sidle,1
graze,1
poser,1
meaty,1
godet,1
deans,1
siped,1
spate,1
myoma,1
covet,1
unhat,1
nerdy,1
glums,1
brass,1
cants,1
hared,1
cocky,1
pooch,1
renin,1
oribi,1
tubas,1
mural,1
drill,1
whine,1
icker,1
thump,1
saner,1
miens,1
dural,1
conch,1
pined,1
gazed,1
sisal,1
kafir,1
pucks,1
coles,1
tardo,1
tryma,1
snide,1
hires,1
bider,1
whits,1
wawls,1
hinds,1
hunky,1
lusts,1
gigue,1
harls,1
parts,1
equip,1
vasty,1
house,1
wilco,1
scalp,1
jilts,1
tired,1
fable,1
poler,1
mongo,1
tsadi,1
acute,1
saint,1
aunty,1
gules,1
refed,1
arris,1
askew,1
blain,1
lance,1
gonia,1
signs,1
brunt,1
glide,1
urare,1
banks,1
sexed,1
havoc,1
dealt,1
teats,1
unfit,1
alway,1
winch,1
quale,1
nymph,1
novae,1
colby,1
merry,1
ungot,1
karst,1
eased,1
hards,1
narky,1
messy,1
loons,1
nooky,1
salmi,1
skeen,1
prest,1
stall,1
culti,1
matzo,1
lazes,1
comfy,1
torso,1
gyrus,1
resat,1
sopor,1
ranks,1
beryl,1
repay,1
tippy,1
mesic,1
ponds,1
while,1
wring,1
eaten,1
progs,1
waive,1
shent,1
booze,1
snafu,1
liers,1
laity,1
claps,1
rumps,1
souks,1
meres,1
grows,1
hoist,1
musky,1
segos,1
xysts,1
excel,1
reedy,1
tonic,1
bloop,1
chias,1
plats,1
waddy,1
muhly,1
swith,1
natty,1
teams,1
front,1
dashi,1
doxie,1
khaph,1
rente,1
musth,1
whaps,1
seven,1
hives,1
desks,1
pleas,1
segni,1
slurb,1
toyos,1
kopje,1
folia,1
clans,1
herbs,1
laith,1
kerry,1
gyves,1
bared,1
khaki,1
tiers,1
fanes,1
shock,1
riley,1
zitis,1
clock,1
saves,1
stair,1
roper,1
velds,1
didos,1
cubby,1
pesty,1
backs,1
kecks,1
whats,1
enols,1
loves,1
fixer,1
month,1
quire,1
semen,1
jupes,1
sappy,1
smock,1
crash,1
aahed,1
nipas,1
bides,1
risks,1
dumka,1
frees,1
filmy,1
smews,1
trike,1
avion,1
seals,1
satyr,1
steed,1
licks,1
attic,1
dolci,1
awake,1
yours,1
grand,1
neeps,1
sleek,1
rebbe,1
breve,1
steak,1
doily,1
rewon,1
tikis,1
phuts,1
deads,1
nares,1
prays,1
codon,1
layed,1
blame,1
nidus,1
crits,1
banes,1
moral,1
curds,1
carte,1
chefs,1
saved,1
chops,1
gowns,1
unsew,1
orles,1
cooks,1
tight,1
unlay,1
snipe,1
maxes,1
loden,1
herms,1
noris,1
cagey,1
older,1
spale,1
hecks,1
amino,1
vamps,1
mower,1
blurb,1
cruse,1
rebop,1
seres,1
withe,1
toffs,1
scend,1
feebs,1
jones,1
giber,1
sylph,1
frons,1
temps,1
porns,1
width,1
whaup,1
disks,1
ackee,1
durum,1
glitz,1
quiet,1
sweat,1
topes,1
bored,1
brava,1
sides,1
kabar,1
voila,1
shuns,1
baboo,1
tynes,1
sangh,1
lichi,1
coins,1
wharf,1
pavan,1
blush,1
pilea,1
jolly,1
deave,1
lotah,1
kukri,1
quite,1
vealy,1
bunds,1
shims,1
slaty,1
straw,1
metro,1
caulk,1
shirk,1
razed,1
sheet,1
hests,1
nubby,1
sabir,1
stilt,1
gorps,1
sleep,1
smack,1
zoner,1
going,1
bench,1
alums,1
gulpy,1
laird,1
rotes,1
slush,1
serow,1
snowy,1
tarot,1
north,1
emirs,1
skuas,1
heron,1
enows,1
bosky,1
reach,1
keeps,1
soots,1
laura,1
golds,1
jesse,1
dazed,1
remit,1
scops,1
daman,1
ureas,1
vigas,1
firry,1
retch,1
rindy,1
sting,1
oiler,1
beget,1
toile,1
abuts,1
trick,1
dryer,1
djinn,1
farer,1
mosso,1
drats,1
cades,1
phage,1
loony,1
japer,1
snoop,1
bubal,1
diets,1
quash,1
abuzz,1
field,1
thief,1
scaly,1
beats,1
rubes,1
adorn,1
hangs,1
pique,1
adoze,1
plead,1
melds,1
glims,1
ticks,1
ailed,1
kapas,1
loofs,1
manga,1
blimy,1
punts,1
kiwis,1
dirge,1
sutta,1
odour,1
eager,1
haars,1
couth,1
prion,1
yowie,1
mason,1
files,1
soaps,1
turfy,1
craft,1
serge,1
cadre,1
spare,1
pagod,1
loafs,1
brisk,1
wonky,1
joyed,1
flume,1
laves,1
jerid,1
atria,1
churr,1
murks,1
monde,1
dogma,1
bedel,1
kempt,1
bawty,1
blini,1
dormy,1
tenty,1
gouty,1
ceros,1
nieve,1
retax,1
ramus,1
curio,1
wince,1
estop,1
navel,1
bobby,1
floes,1
mumps,1
orlop,1
torus,1
weigh,1
quirt,1
taros,1
aider,1
sixmo,1
pawns,1
gutta,1
hyped,1
wetly,1
deles,1
baths,1
cakey,1
badge,1
actor,1
goxes,1
weber,1
stamp,1
skank,1
tilak,1
kadis,1
boffs,1
rings,1
shall,1
tasty,1
yapon,1
impis,1
gazer,1
diced,1
ileal,1
puked,1
stove,1
atlas,1
hedge,1
basts,1
tuffs,1
pinas,1
barre,1
ditsy,1
inter,1
arame,1
motey,1
howff,1
quags,1
dicta,1
yeggs,1
degum,1
drays,1
lefty,1
koppa,1
sered,1
flump,1
belon,1
sirra,1
knows,1
ulema,1
weirs,1
clams,1
sepoy,1
areal,1
burst,1
coset,1
pests,1
culls,1
caphs,1
flawy,1
ricin,1
spark,1
facer,1
valet,1
gamut,1
pinon,1
leman,1
debye,1
obese,1
minds,1
drier,1
sited,1
punka,1
munis,1
kitty,1
argue,1
bourg,1
limbo,1
jumbo,1
sonic,1
emeus,1
mixed,1
beads,1
ganev,1
debit,1
mists,1
ebbet,1
duchy,1
large,1
tarps,1
gadid,1
tweed,1
jetes,1
fesse,1
puses,1
darks,1
eloin,1
talcs,1
topee,1
basil,1
ludes,1
doggy,1
bases,1
pulps,1
tense,1
firns,1
strut,1
lines,1
skyey,1
coupe,1
esses,1
nonet,1
mints,1
octet,1
swobs,1
booth,1
kinos,1
hunks,1
unpeg,1
wekas,1
flaky,1
funny,1
hying,1
pungs,1
bimah,1
notum,1
lilos,1
flash,1
dotes,1
biffs,1
roams,1
akees,1
hefts,1
maces,1
bemas,1
serve,1
dulse,1
tills,1
etnas,1
riant,1
reefs,1
renal,1
doing,1
grubs,1
prune,1
misty,1
ravin,1
flews,1
pibal,1
lambs,1
bogan,1
looie,1
virls,1
incus,1
plash,1
shine,1
conky,1
sways,1
fices,1
facia,1
tying,1
rigid,1
augur,1
amids,1
sucks,1
simps,1
goons,1
fritz,1
brute,1
kobos,1
surra,1
grate,1
grump,1
oared,1
telly,1
cecum,1
maths,1
bombe,1
gluts,1
goths,1
chays,1
rushy,1
ruins,1
taiga,1
brawl,1
piers,1
snake,1
hurts,1
occur,1
forum,1
rotis,1
swiss,1
grigs,1
refit,1
glees,1
situp,1
johns,1
craal,1
becks,1
guids,1
hones,1
jimpy,1
dooms,1
tease,1
kheda,1
slunk,1
hikes,1
ceils,1
miles,1
mooch,1
airer,1
voled,1
resew,1
hahas,1
hists,1
rioja,1
blots,1
puffs,1
gamma,1
waltz,1
setae,1
unhip,1
tyiyn,1
mufti,1
pikis,1
olein,1
shush,1
retie,1
vills,1
finis,1
aldol,1
sibyl,1
honed,1
treed,1
yodle,1
updry,1
drear,1
ables,1
hertz,1
thurl,1
cupid,1
deeds,1
curst,1
hapax,1
reign,1
cames,1
farms,1
balky,1
mured,1
prove,1
nomas,1
beaux,1
mania,1
thick,1
vogie,1
froze,1
retro,1
tided,1
whamo,1
maria,1
vakil,1
bitch,1
liens,1
blast,1
scold,1
phons,1
parer,1
sheen,1
apses,1
shiva,1
escar,1
braky,1
yarer,1
moues,1
senor,1
mayan,1
unlet,1
juicy,1
grill,1
paved,1
lagan,1
selah,1
ducal,1
truce,1
jinns,1
snout,1
doeth,1
boles,1
oidia,1
uncus,1
abbey,1
akela,1
soars,1
ruler,1
echos,1
amnic,1
racer,1
clack,1
coder,1
tacet,1
corks,1
payer,1
aeons,1
snash,1
agaze,1
kedge,1
snore,1
okays,1
oleum,1
cigar,1
farcy,1
plant,1
riced,1
cunts,1
exine,1
until,1
rains,1
upend,1
glede,1
brier,1
tauts,1
lased,1
fraps,1
mommy,1
fovea,1
pound,1
myoid,1
wants,1
cyber,1
doors,1
sains,1
malty,1
yawls,1
ruffs,1
burls,1
ulcer,1
voted,1
hooty,1
ginny,1
folky,1
lawed,1
abaca,1
livid,1
yirrs,1
dobro,1
vrouw,1
eject,1
vasts,1
leavy,1
twyer,1
mavin,1
inked,1
after,1
toyer,1
spawn,1
coffs,1
sauls,1
align,1
gayal,1
areae,1
remix,1
toney,1
hired,1
bitsy,1
acmic,1
since,1
stowp,1
chark,1
karts,1
omasa,1
cable,1
denar,1
whorl,1
yukky,1
swill,1
houri,1
waler,1
doers,1
whips,1
serum,1
cager,1
began,1
helos,1
mimed,1
ramal,1
media,1
dross,1
lobos,1
fames,1
klong,1
dummy,1
arete,1
stoma,1
novas,1
crabs,1
paged,1
infos,1
domed,1
shire,1
brews,1
grime,1
duked,1
feods,1
grids,1
mussy,1
child,1
pours,1
kavas,1
hoods,1
depot,1
faith,1
laxer,1
dumas,1
neums,1
joker,1
hardy,1
tuyer,1
dreks,1
milds,1
unman,1
uncia,1
holla,1
quips,1
pilau,1
slain,1
coyer,1
proms,1
cuffs,1
wrack,1
wakes,1
tangs,1
avoid,1
likes,1
posse,1
bipod,1
tythe,1
seats,1
towel,1
birse,1
latte,1
quaff,1
sicko,1
etyma,1
human,1
balmy,1
lupus,1
reply,1
avian,1
pause,1
stirs,1
fugue,1
arose,1
cuppa,1
pecan,1
ethic,1
tunic,1
styed,1
yucks,1
whins,1
girsh,1
rainy,1
wicks,1
exile,1
venin,1
weals,1
gaurs,1
erupt,1
oozed,1
salps,1
torcs,1
chafe,1
pipit,1
hoars,1
deoxy,1
shirt,1
scows,1
pupal,1
usage,1
ropey,1
sadis,1
vegan,1
picul,1
naggy,1
durns,1
krewe,1
alfas,1
thesp,1
quill,1
lehrs,1
peats,1
alist,1
rubus,1
supra,1
mulla,1
fanny,1
dobla,1
tophs,1
manus,1
fritt,1
muddy,1
gumbo,1
kefir,1
tongs,1
ample,1
bunny,1
stoop,1
tirls,1
orlon,1
virus,1
ceorl,1
lords,1
urari,1
hayer,1
icily,1
cabby,1
wrist,1
vinyl,1
clave,1
sofas,1
mayas,1
basal,1
testa,1
negus,1
junky,1
might,1
blips,1
moots,1
atman,1
herns,1
fungi,1
syrup,1
birth,1
wised,1
gauzy,1
judge,1
creel,1
gurry,1
matts,1
reive,1
bumfs,1
grins,1
slabs,1
birch,1
tepoy,1
rooky,1
agues,1
rayon,1
beset,1
gleek,1
mulch,1
furzy,1
rapid,1
shits,1
peage,1
jammy,1
mafic,1
bells,1
algum,1
halal,1
cubit,1
scary,1
pudic,1
deism,1
bolas,1
scant,1
manse,1
tragi,1
nihil,1
croak,1
shott,1
pinto,1
isbas,1
fauna,1
tubae,1
kelts,1
conks,1
frena,1
nalas,1
apery,1
acidy,1
slyer,1
codas,1
prior,1
frown,1
demos,1
onset,1
porny,1
sense,1
tokay,1
towed,1
toles,1
mousy,1
quoit,1
waxer,1
giddy,1
hijab,1
sired,1
jails,1
jalop,1
puffy,1
guaco,1
sower,1
skosh,1
chalk,1
rural,1
zibet,1
windy,1
racon,1
corms,1
sword,1
deuce,1
girts,1
naked,1
spats,1
gobos,1
swift,1
orate,1
dotty,1
fecal,1
ayins,1
whort,1
limbs,1
kayak,1
thorn,1
fuddy,1
olios,1
niece,1
coopt,1
lined,1
meter,1
burnt,1
frows,1
louse,1
lemur,1
crime,1
hacks,1
talas,1
entia,1
mamma,1
youse,1
azido,1
khets,1
tines,1
sails,1
algor,1
sheer,1
patin,1
sarky,1
rajas,1
zizit,1
milks,1
istle,1
dopes,1
nitty,1
elbow,1
glint,1
tegua,1
chico,1
crumb,1
okapi,1
kiefs,1
boomy,1
ouzel,1
based,1
plaza,1
sofar,1
minks,1
trued,1
uveas,1
lento,1
minor,1
cared,1
goopy,1
pomps,1
musks,1
jauks,1
ostia,1
reset,1
bolts,1
nutty,1
prong,1
eerie,1
ahing,1
rummy,1
sonde,1
roles,1
curry,1
court,1
acres,1
suety,1
pyrex,1
pithy,1
sinew,1
argol,1
sloyd,1
golem,1
varix,1
white,1
gamed,1
dizen,1
fryer,1
gawks,1
aloof,1
syphs,1
mends,1
amoks,1
hauls,1
wrath,1
zinky,1
dudes,1
wools,1
babas,1
macho,1
hokey,1
lares,1
knees,1
goose,1
cozes,1
kasha,1
barmy,1
salsa,1
visor,1
fuses,1
grade,1
rolfs,1
bulky,1
cadge,1
moose,1
spall,1
greed,1
spues,1
gloam,1
aided,1
neuks,1
sayid,1
ruffe,1
grass,1
eater,1
admix,1
chink,1
brand,1
freer,1
liras,1
ramps,1
linty,1
inure,1
dirks,1
kilty,1
easel,1
shaft,1
pocks,1
boons,1
muggy,1
sages,1
sycee,1
tacky,1
pards,1
elite,1
miaou,1
shape,1
lefts,1
value,1
unzip,1
gemma,1
flabs,1
vases,1
filmi,1
joked,1
fluky,1
paced,1
bigos,1
silly,1
scrod,1
pyxie,1
aspic,1
clops,1
lassi,1
waxed,1
bines,1
horas,1
herds,1
coils,1
motet,1
octyl,1
feral,1
stade,1
probe,1
shear,1
raver,1
feyly,1
flota,1
motte,1
soddy,1
ixora,1
lazed,1
spivs,1
coapt,1
toker,1
helix,1
stash,1
hoick,1
glugs,1
gayer,1
panes,1
roofs,1
fasts,1
yowls,1
widen,1
troop,1
friar,1
hollo,1
silts,1
shews,1
boxer,1
radio,1
konks,1
laxes,1
faxes,1
shied,1
cibol,1
unrip,1
joual,1
vatic,1
salep,1
byrls,1
bower,1
umiaq,1
zoeas,1
voile,1
velum,1
cotes,1
thuds,1
gamas,1
pedes,1
murid,1
haole,1
rowel,1
peeps,1
enjoy,1
macle,1
catty,1
farce,1
heard,1
anlas,1
alane,1
talks,1
scoop,1
bozos,1
bundt,1
cacas,1
pouch,1
vexes,1
meets,1
dribs,1
ordos,1
logan,1
rumba,1
brume,1
vocab,1
fined,1
peers,1
wound,1
dauts,1
coded,1
proso,1
bacon,1
platy,1
pinks,1
teary,1
mated,1
burrs,1
busks,1
saris,1
raffs,1
amido,1
pawls,1
antes,1
tains,1
avant,1
gimps,1
issue,1
erugo,1
trade,1
mairs,1
morts,1
dhals,1
force,1
ochry,1
sozin,1
place,1
snort,1
niche,1
shove,1
womby,1
spike,1
scuba,1
holts,1
ology,1
egged,1
unary,1
alant,1
cleat,1
peons,1
reeks,1
torot,1
fecks,1
start,1
axile,1
prill,1
kanji,1
skeed,1
bucko,1
besot,1
furze,1
copse,1
demit,1
entry,1
hemps,1
stuck,1
sawer,1
fleet,1
rivet,1
felly,1
aiver,1
giver,1
yawey,1
kexes,1
decoy,1
knops,1
javas,1
yager,1
larva,1
kibei,1
nolos,1
works,1
gursh,1
lumas,1
flees,1
swang,1
devil,1
pilot,1
liard,1
lotic,1
cased,1
beard,1
ervil,1
aimed,1
cyton,1
touts,1
buhrs,1
lapse,1
seers,1
plane,1
rebut,1
hullo,1
toads,1
helio,1
resay,1
caids,1
ancho,1
grain,1
betel,1
bosun,1
lasso,1
sough,1
pavin,1
brusk,1
iliac,1
pyros,1
noils,1
iambs,1
seepy,1
surge,1
jacal,1
sarin,1
frail,1
maist,1
phots,1
guyot,1
plays,1
story,1
rinds,1
octal,1
lycra,1
douse,1
discs,1
shive,1
yolky,1
hitch,1
apods,1
tumid,1
cusec,1
cheek,1
infix,1
telco,1
ulpan,1
techy,1
polyp,1
tolan,1
suint,1
feres,1
prase,1
ogham,1
popes,1
skoal,1
beano,1
loids,1
volar,1
pryer,1
raked,1
stars,1
meany,1
sorgo,1
blank,1
snaky,1
vulgo,1
gruff,1
boozy,1
ditch,1
laces,1
carrs,1
grimy,1
slews,1
renew,1
colin,1
dumky,1
arced,1
stipe,1
tabes,1
greek,1
spell,1
spail,1
tonal,1
okehs,1
shard,1
endow,1
degas,1
steps,1
betta,1
wales,1
pepos,1
ampul,1
tales,1
penis,1
zoris,1
sysop,1
frits,1
lathi,1
howks,1
rheme,1
yirds,1
music,1
kelep,1
sexes,1
smart,1
yetts,1
lepta,1
doted,1
hints,1
visas,1
kevel,1
quate,1
liang,1
babes,1
brill,1
bused,1
ganef,1
bloom,1
soles,1
macks,1
currs,1
jingo,1
grift,1
myopy,1
mosks,1
genes,1
smerk,1
preop,1
foxed,1
wushu,1
tempi,1
verve,1
poach,1
deets,1
kiang,1
afars,1
airth,1
cutup,1
peaks,1
bleat,1
crone,1
nappy,1
snyes,1
silds,1
expat,1
armet,1
tweet,1
rhumb,1
rakis,1
poled,1
sneak,1
boded,1
river,1
madre,1
braxy,1
keeks,1
staff,1
twats,1
cloot,1
coven,1
cooey,1
amigo,1
irone,1
timid,1
rives,1
yaups,1
await,1
think,1
laver,1
calla,1
clone,1
abbot,1
fidge,1
tykes,1
faker,1
gilds,1
potty,1
varve,1
spics,1
night,1
avast,1
feats,1
toked,1
otter,1
quoll,1
baggy,1
sects,1
crank,1
leggy,1
shoon,1
joins,1
jihad,1
cleek,1
stile,1
easts,1
pirog,1
mitis,1
abaya,1
vertu,1
xysti,1
volva,1
agate,1
ninja,1
reave,1
smash,1
jaunt,1
buggy,1
armed,1
kauri,1
trugs,1
relax,1
myope,1
piked,1
mutts,1
setal,1
doyen,1
rhyta,1
gauds,1
bitty,1
cache,1
usher,1
unwed,1
plait,1
pesto,1
flite,1
cocos,1
cuddy,1
lyart,1
bimas,1
maxis,1
savor,1
halid,1
almug,1
flaws,1
envoy,1
ernes,1
dogie,1
ceric,1
parol,1
gamer,1
ileus,1
dolls,1
forth,1
finer,1
corgi,1
bills,1
bowel,1
bilbo,1
azoth,1
clews,1
biked,1
agent,1
wahoo,1
kanes,1
dippy,1
medic,1
ducat,1
trode,1
ovoli,1
deign,1
cushy,1
dozes,1
talls,1
thane,1
gesso,1
litre,1
vaned,1
douce,1
noose,1
skims,1
poofy,1
diwan,1
roast,1
sewed,1
liber,1
gripe,1
glory,1
beaut,1
knaur,1
solan,1
swore,1
saker,1
vegie,1
tonne,1
jivey,1
acmes,1
moron,1
rewan,1
issei,1
coact,1
cilia,1
known,1
pride,1
suets,1
whoso,1
hosed,1
roses,1
dinos,1
yogis,1
lated,1
saned,1
offer,1
adown,1
congo,1
optic,1
areas,1
locum,1
durst,1
wolfs,1
plebs,1
voles,1
aster,1
parka,1
duddy,1
gadis,1
arbor,1
etuis,1
close,1
fetal,1
tango,1
saice,1
picks,1
xerox,1
overs,1
yince,1
smarm,1
glime,1
dobby,1
humor,1
peres,1
cadet,1
apish,1
iliad,1
hymen,1
adzes,1
dolor,1
blets,1
avgas,1
leave,1
hiker,1
cripe,1
bries,1
glebe,1
canto,1
mucro,1
nappa,1
dryad,1
whops,1
perms,1
grans,1
ikons,1
toras,1
arums,1
tical,1
wacks,1
style,1
areic,1
borer,1
oleos,1
apres,1
riots,1
hosey,1
mites,1
towny,1
alans,1
tapes,1
fells,1
cupel,1
reoil,1
duped,1
molly,1
guars,1
cutes,1
ovule,1
spice,1
praos,1
jelly,1
geest,1
tabor,1
farad,1
lemon,1
neume,1
nixed,1
capos,1
dexes,1
fares,1
abort,1
firms,1
knaps,1
rigor,1
duvet,1
sized,1
reest,1
slang,1
skirr,1
bread,1
galop,1
needs,1
mikra,1
zeins,1
sedum,1
roble,1
miked,1
nided,1
reeve,1
madam,1
creak,1
bolls,1
iodin,1
prawn,1
garni,1
caper,1
lungi,1
emeer,1
swede,1
aroma,1
nance,1
slats,1
dowie,1
jubas,1
hawed,1
woofs,1
fools,1
glady,1
shift,1
fumed,1
flyte,1
fangs,1
clout,1
right,1
nighs,1
stray,1
donas,1
wedge,1
gnarl,1
gills,1
eyres,1
swept,1
zouks,1
wefts,1
beers,1
ninon,1
pikes,1
bulbs,1
pants,1
romps,1
didst,1
welts,1
bocce,1
kalif,1
yocks,1
gaols,1
pilis,1
yucas,1
toric,1
bound,1
semis,1
skimo,1
bunya,1
pursy,1
gravy,1
bight,1
cirri,1
spurt,1
gyved,1
doest,1
edits,1
indie,1
vanes,1
wiper,1
thews,1
sebum,1
diffs,1
cholo,1
glial,1
weary,1
stabs,1
peach,1
pacha,1
bally,1
axial,1
durrs,1
wryer,1
docks,1
doubt,1
moors,1
kaphs,1
ghost,1
rabat,1
junco,1
baric,1
plews,1
miner,1
wides,1
motel,1
brows,1
pulse,1
saids,1
swarf,1
shrug,1
knell,1
riven,1
gross,1
golfs,1
speil,1
gloze,1
hotel,1
eyras,1
gyron,1
iambi,1
demob,1
baffy,1
umber,1
reefy,1
boart,1
xenon,1
batik,1
stuff,1
buret,1
burse,1
anvil,1
grabs,1
tamed,1
rawly,1
qualm,1
boyos,1
inept,1
duple,1
hydro,1
beech,1
edile,1
calfs,1
razer,1
cento,1
tungs,1
bosks,1
gaily,1
jocks,1
lamer,1
duets,1
umiak,1
coses,1
sices,1
shunt,1
whole,1
cider,1
corby,1
felon,1
punas,1
sizer,1
vangs,1
ogive,1
flamy,1
grots,1
risky,1
blabs,1
bunks,1
laden,1
pocky,1
yapok,1
grapy,1
weest,1
haika,1
rouen,1
oaves,1
resid,1
spumy,1
wanly,1
prees,1
beady,1
tendu,1
shark,1
nomoi,1
troak,1
sixth,1
ruths,1
orcin,1
bield,1
hewer,1
amins,1
suber,1
zesty,1
baker,1
tunes,1
kinas,1
stoup,1
diker,1
winey,1
twang,1
melty,1
devon,1
trams,1
whizz,1
latke,1
troll,1
etwee,1
scudi,1
riata,1
lacks,1
bales,1
lense,1
stole,1
aptly,1
hairy,1
cruck,1
satin,1
spoor,1
would,1
paddy,1
faros,1
lunes,1
qubit,1
bogus,1
fails,1
eying,1
tufty,1
lippy,1
rotos,1
halos,1
manor,1
taker,1
spiff,1
glost,1
haste,1
thong,1
break,1
fords,1
limed,1
bahts,1
wined,1
drave,1
longs,1
wises,1
dumbo,1
sturt,1
jenny,1
hammy,1
anima,1
picot,1
drops,1
lifer,1
stele,1
tabid,1
pechs,1
softa,1
stogy,1
anglo,1
slyly,1
feaze,1
harms,1
reels,1
pizza,1
axion,1
wizen,1
tares,1
coled,1
amuse,1
lenes,1
diols,1
smoky,1
radon,1
twain,1
melic,1
quads,1
lehua,1
cimex,1
party,1
ponce,1
fouls,1
hinge,1
above,1
doggo,1
serin,1
lumpy,1
thuja,1
asses,1
gambs,1
kelps,1
newsy,1
owlet,1
beths,1
stark,1
tutty,1
grist,1
deist,1
duels,1
adult,1
worry,1
peise,1
ashes,1
telex,1
rites,1
reuse,1
ohias,1
watch,1
lasts,1
cyder,1
paces,1
azote,1
peace,1
puled,1
ixtle,1
graal,1
ulnas,1
ragis,1
tubal,1
waved,1
gerah,1
skull,1
cubeb,1
rates,1
alang,1
pirns,1
fanon,1
grief,1
pyins,1
skein,1
penni,1
loins,1
abled,1
chufa,1
softs,1
edict,1
feeds,1
didie,1
poind,1
hears,1
baron,1
elegy,1
lawns,1
crump,1
spits,1
masse,1
vitta,1
tenet,1
foals,1
avail,1
folly,1
resaw,1
calyx,1
fugle,1
agile,1
hydra,1
valse,1
mauls,1
frore,1
fugus,1
sloes,1
hemes,1
thigh,1
theta,1
pipes,1
cheer,1
flirs,1
legal,1
shist,1
rammy,1
broil,1
glias,1
chirp,1
sabal,1
sable,1
gulps,1
whish,1
meats,1
eaved,1
sears,1
taxes,1
seton,1
tides,1
stead,1
dunts,1
heels,1
sales,1
diver,1
phyla,1
gleed,1
goers,1
uteri,1
maker,1
monks,1
gable,1
pases,1
thyme,1
denim,1
pills,1
biali,1
cloys,1
swell,1
takin,1
swabs,1
tough,1
clepe,1
rower,1
getup,1
leery,1
odder,1
opera,1
zappy,1
xylan,1
dough,1
demic,1
tacos,1
blest,1
pyxes,1
jokey,1
salad,1
shaws,1
heros,1
leone,1
belie,1
forks,1
yaird,1
extol,1
radii,1
asset,1
tithe,1
puris,1
laced,1
funds,1
looey,1
saury,1
medal,1
latex,1
booty,1
mercs,1
diene,1
thing,1
commy,1
vodka,1
crept,1
longe,1
dagga,1
kvell,1
ovens,1
adyta,1
dives,1
sculk,1
durra,1
atoms,1
resow,1
paves,1
merle,1
drool,1
purse,1
bonus,1
calms,1
blaws,1
queys,1
yogic,1
gripy,1
gated,1
manna,1
spazz,1
levis,1
bifid,1
sweep,1
vuggy,1
leers,1
credo,1
fusil,1
local,1
kabab,1
polka,1
almud,1
exits,1
ganja,1
fizzy,1
cutie,1
agape,1
halts,1
agger,1
fussy,1
poods,1
thirl,1
dewax,1
apply,1
torta,1
sacks,1
traps,1
breed,1
knave,1
doses,1
weeps,1
debut,1
reals,1
rance,1
chars,1
rusty,1
hatch,1
gypsy,1
quoth,1
bangs,1
elemi,1
beets,1
fluid,1
undee,1
chela,1
hance,1
agios,1
zuzim,1
rakus,1
kappa,1
loofa,1
ethos,1
growl,1
couch,1
bulls,1
ornis,1
impel,1
boars,1
error,1
agree,1
spurn,1
kylix,1
stroy,1
mavie,1
gouge,1
gyoza,1
pewit,1
redip,1
dowed,1
beaus,1
cuish,1
wives,1
keirs,1
added,1
welsh,1
naifs,1
dumbs,1
coral,1
dojos,1
truly,1
aloin,1
tacks,1
allow,1
tumor,1
scuds,1
utile,1
souls,1
imaum,1
deils,1
adzed,1
climb,1
orach,1
ninny,1
hinny,1
deice,1
polis,1
cesta,1
culch,1
whams,1
packs,1
arena,1
luxes,1
parvo,1
hafiz,1
syren,1
malms,1
flock,1
basin,1
liked,1
wedel,1
imply,1
snobs,1
guans,1
yobbo,1
ogees,1
sylva,1
promo,1
alecs,1
chemo,1
dahls,1
ditas,1
wispy,1
sieur,1
stoas,1
bongs,1
argon,1
wains,1
mealy,1
mamie,1
arles,1
blype,1
brags,1
besom,1
dosed,1
vials,1
roger,1
cissy,1
putti,1
urate,1
sigil,1
bicep,1
sakes,1
torsk,1
namer,1
bruts,1
mocha,1
chary,1
dozer,1
baler,1
weets,1
screw,1
swoop,1
bices,1
mater,1
gates,1
wryly,1
zetas,1
woody,1
favus,1
rover,1
typps,1
scout,1
cress,1
vised,1
glace,1
grama,1
ficin,1
smote,1
idols,1
wheal,1
fusee,1
flora,1
juked,1
wussy,1
jibbs,1
worts,1
basic,1
seifs,1
clips,1
mabes,1
crass,1
skier,1
sibbs,1
selva,1
ecrus,1
unmix,1
rathe,1
mooed,1
veena,1
patch,1
socas,1
mumms,1
jagra,1
emend,1
pitta,1
clash,1
coted,1
mahoe,1
sally,1
mayos,1
sodic,1
blues,1
scums,1
snibs,1
binds,1
rewax,1
sauce,1
preps,1
zoeae,1
booed,1
vomer,1
scape,1
faves,1
gunny,1
oboli,1
balms,1
surfy,1
barbe,1
pumas,1
jacky,1
payed,1
gliff,1
carks,1
livre,1
mouse,1
lager,1
piggy,1
stony,1
prude,1
yarns,1
darer,1
gemot,1
chats,1
flaxy,1
jutes,1
vimen,1
mises,1
thine,1
pried,1
chose,1
unjam,1
clamp,1
oxbow,1
peavy,1
boned,1
indri,1
memos,1
combs,1
stork,1
pitch,1
matza,1
genic,1
crews,1
kiddy,1
nests,1
splat,1
crocs,1
tetra,1
traik,1
cutis,1
rived,1
raced,1
dimer,1
techs,1
unwet,1
polys,1
bawls,1
zilch,1
amble,1
lings,1
neath,1
curie,1
cruor,1
tribe,1
storm,1
pipet,1
argle,1
noria,1
hazes,1
oomph,1
drily,1
stops,1
react,1
nitro,1
teles,1
cargo,1
minas,1
repel,1
cyclo,1
togae,1
dates,1
cramp,1
makes,1
rices,1
stool,1
annal,1
shoji,1
omits,1
tapas,1
cornu,1
germy,1
omega,1
bingo,1
cajon,1
cires,1
gooey,1
osmic,1
fiscs,1
noway,1
milts,1
dines,1
raise,1
mille,1
toffy,1
lubes,1
rises,1
lemma,1
ideal,1
buxom,1
actin,1
mazes,1
abbes,1
boche,1
fanum,1
mossy,1
bluey,1
bimbo,1
carbo,1
punty,1
ovoid,1
galah,1
mammy,1
parve,1
drake,1
lends,1
taper,1
pross,1
carpi,1
chits,1
begum,1
yogas,1
levee,1
navar,1
veges,1
orals,1
panda,1
gyros,1
lutea,1
douma,1
repin,1
uplit,1
maras,1
amaze,1
igloo,1
ouphs,1
young,1
lores,1
wafer,1
affix,1
qaids,1
damns,1
zooty,1
chess,1
blebs,1
ratio,1
privy,1
gleds,1
lytta,1
maced,1
metes,1
timed,1
kurus,1
carbs,1
amine,1
sober,1
subas,1
whirs,1
gasts,1
feast,1
chute,1
toted,1
china,1
anyon,1
track,1
heady,1
unwon,1
scene,1
specs,1
wurst,1
prick,1
volti,1
chubs,1
bract,1
herby,1
risen,1
motts,1
dully,1
argil,1
snare,1
zoeal,1
humps,1
inset,1
zazen,1
pomes,1
marge,1
nisus,1
rumen,1
cover,1
vinic,1
shewn,1
vampy,1
birrs,1
deify,1
zonks,1
swami,1
iodic,1
stage,1
muled,1
stime,1
germs,1
hanse,1
kamik,1
bendy,1
wield,1
gawky,1
axles,1
ghaut,1
yecch,1
twits,1
daces,1
duras,1
mirin,1
genua,1
pubic,1
whews,1
homed,1
fired,1
swail,1
prahu,1
strep,1
gluey,1
kyars,1
recto,1
motor,1
mizen,1
cowed,1
realm,1
slimy,1
gyres,1
gloom,1
hooch,1
maxed,1
range,1
frizz,1
haled,1
imino,1
carom,1
baals,1
nappe,1
quote,1
hongs,1
moper,1
laths,1
berme,1
thrip,1
pated,1
howfs,1
bunas,1
carry,1
regma,1
dicks,1
anile,1
yawps,1
scuzz,1
indue,1
freed,1
clipt,1
leaky,1
whist,1
steek,1
ahold,1
typos,1
kneel,1
green,1
oxims,1
stave,1
loots,1
tigon,1
mucin,1
glout,1
linky,1
caves,1
wheen,1
carle,1
lurex,1
spore,1
farle,1
dills,1
eyers,1
boite,1
mache,1
knots,1
gelee,1
rupee,1
hubby,1
bated,1
owner,1
oddly,1
dunes,1
twirl,1
shool,1
yangs,1
squab,1
muton,1
vodun,1
stent,1
nomes,1
parrs,1
blite,1
yogin,1
shops,1
egers,1
patsy,1
gluon,1
swank,1
rills,1
final,1
wirra,1
talus,1
volte,1
defis,1
tanka,1
tutti,1
maven,1
tower,1
lawny,1
cains,1
nudie,1
jello,1
selfs,1
anent,1
exact,1
pinna,1
gaper,1
assay,1
undue,1
libel,1
cobbs,1
muser,1
macro,1
hoots,1
palet,1
tulle,1
waxes,1
comma,1
auris,1
waged,1
spray,1
endue,1
chyle,1
enure,1
cotan,1
yugas,1
knobs,1
barde,1
surgy,1
balls,1
bided,1
jokes,1
guilt,1
swirl,1
lives,1
pewee,1
gapes,1
baaed,1
merit,1
ictic,1
gawps,1
rucks,1
yerks,1
tween,1
scull,1
hotly,1
wisha,1
rally,1
allee,1
foots,1
diner,1
gorsy,1
mikes,1
veery,1
redon,1
idiom,1
trips,1
molts,1
loops,1
plica,1
roved,1
culet,1
haets,1
epics,1
vined,1
fears,1
qanat,1
major,1
sayst,1
nodus,1
trigo,1
lahar,1
mezes,1
pekoe,1
kicks,1
fedex,1
crisp,1
jests,1
sahib,1
vodou,1
beedi,1
tutus,1
ginks,1
teels,1
ancon,1
peery,1
paver,1
roped,1
gault,1
pixes,1
foxes,1
vacua,1
whisk,1
dimes,1
waken,1
suing,1
horsy,1
qursh,1
girly,1
bigot,1
alack,1
chica,1
query,1
sings,1
pasts,1
wared,1
words,1
menus,1
sixes,1
tupik,1
bisks,1
mores,1
mawed,1
fence,1
aliya,1
egest,1
merls,1
lairs,1
teens,1
aceta,1
monie,1
servo,1
homos,1
vagal,1
balas,1
puces,1
dowdy,1
gives,1
lenos,1
yente,1
quoin,1
sylis,1
niton,1
busby,1
disci,1
smogs,1
semes,1
burry,1
groks,1
veils,1
lunar,1
cooer,1
ferry,1
cocci,1
voice,1
dopey,1
gears,1
merch,1
roman,1
extra,1
fluyt,1
tolar,1
xebec,1
teddy,1
potto,1
squib,1
gecko,1
whipt,1
sarge,1
puree,1
fondu,1
trois,1
ficus,1
quail,1
avows,1
litho,1
lower,1
rabid,1
ducky,1
shier,1
noddy,1
marry,1
nohow,1
purty,1
seeds,1
ligan,1
wasps,1
gusty,1
genom,1
bhoot,1
adman,1
favas,1
wines,1
baked,1
snoot,1
saucy,1
briar,1
piton,1
notes,1
ceiba,1
chile,1
furor,1
baste,1
birle,1
mincy,1
peags,1
fleam,1
pries,1
embar,1
nasal,1
phony,1
neats,1
array,1
wived,1
loser,1
milty,1
grave,1
helms,1
octan,1
olive,1
dawns,1
chaps,1
wacky,1
shins,1
snail,1
losel,1
rimed,1
shame,1
riyal,1
winze,1
epees,1
ikats,1
bwana,1
stupa,1
evens,1
vexer,1
quirk,1
cells,1
yahoo,1
gigot,1
hades,1
evoke,1
invar,1
fades,1
doats,1
aures,1
rimes,1
teaks,1
buffy,1
saith,1
faded,1
imams,1
attar,1
devel,1
mondo,1
class,1
limps,1
finds,1
sauna,1
spume,1
daven,1
broke,1
argal,1
dufus,1
antic,1
sigla,1
squat,1
foamy,1
defog,1
griot,1
quant,1
verts,1
butes,1
hemic,1
yacht,1
tucks,1
boule,1
sensa,1
fuzzy,1
flams,1
preen,1
drupe,1
fordo,1
lethe,1
fixes,1
civil,1
heths,1
binal,1
brede,1
celom,1
doozy,1
lowse,1
hakus,1
wired,1
tamis,1
goofy,1
skink,1
lunts,1
risus,1
gambe,1
camps,1
hexed,1
caned,1
aviso,1
slows,1
noise,1
jeeps,1
gamba,1
limey,1
bolar,1
ochre,1
filth,1
bowed,1
junta,1
veins,1
spoon,1
ferny,1
spied,1
drail,1
valor,1
azons,1
braza,1
tuque,1
belts,1
trail,1
skulk,1
mythy,1
orbed,1
coyly,1
singe,1
hirer,1
ament,1
modem,1
pinch,1
clump,1
witan,1
vitae,1
stirk,1
xenia,1
baser,1
comas,1
holks,1
ollas,1
calos,1
presa,1
blowy,1
image,1
quiff,1
trait,1
dykey,1
peens,1
avers,1
pshaw,1
yeans,1
bungs,1
haiks,1
groat,1
wrapt,1
scrap,1
allyl,1
sikas,1
bigly,1
teggs,1
photo,1
obeah,1
jiggy,1
unite,1
warms,1
tinny,1
yelps,1
plier,1
yodel,1
xeric,1
arias,1
odium,1
amend,1
shawn,1
kyats,1
buffi,1
banjo,1
kyaks,1
kneed,1
gumma,1
bloat,1
boggy,1
flick,1
stick,1
seize,1
hunts,1
flair,1
locks,1
newly,1
frame,1
fraud,1
litas,1
onion,1
goyim,1
lunks,1
studs,1
kophs,1
roshi,1
joist,1
alive,1
spunk,1
bumpy,1
pains,1
howdy,1
autos,1
doser,1
press,1
moped,1
tufas,1
macon,1
linac,1
tsuba,1
snick,1
crony,1
point,1
bytes,1
pepla,1
japan,1
raser,1
haiku,1
louie,1
wairs,1
kaifs,1
teuch,1
macer,1
tubes,1
glute,1
dawts,1
being,1
teths,1
reaps,1
piing,1
rimer,1
boras,1
gauze,1
scion,1
glads,1
ephor,1
jurel,1
rifle,1
vests,1
ratty,1
caver,1
wades,1
stook,1
coney,1
sabre,1
louts,1
beige,1
scaur,1
agone,1
torts,1
heeds,1
swain,1
clued,1
wroth,1
ester,1
ousel,1
usury,1
ariel,1
hight,1
kudzu,1
terga,1
dears,1
pends,1
rears,1
elder,1
world,1
gourd,1
kendo,1
objet,1
steam,1
butle,1
alley,1
lofty,1
shirr,1
mixer,1
momma,1
pares,1
sorta,1
swaps,1
libri,1
polls,1
gooks,1
lanes,1
salal,1
crook,1
terns,1
ahead,1
mingy,1
poohs,1
rusts,1
serfs,1
umped,1
alkyd,1
aurei,1
fogey,1
valid,1
irony,1
leaps,1
boyla,1
wited,1
mired,1
alter,1
suers,1
direr,1
hater,1
sward,1
dowel,1
exert,1
aerie,1
carts,1
jemmy,1
toque,1
ratos,1
slide,1
ingot,1
coaly,1
tawed,1
tilts,1
gunks,1
mylar,1
virtu,1
peaty,1
melts,1
vroom,1
twigs,1
sweet,1
lisle,1
wists,1
savin,1
trigs,1
cesti,1
fruit,1
fixit,1
forty,1
dents,1
choke,1
duomi,1
pappi,1
kooks,1
brief,1
raker,1
droid,1
slobs,1
loyal,1
guiro,1
amahs,1
piano,1
foram,1
tiles,1
kinds,1
coirs,1
jades,1
slept,1
lexes,1
ascot,1
tiger,1
fytte,1
rases,1
daisy,1
qadis,1
odeon,1
chiel,1
moony,1
redes,1
buoys,1
algas,1
stimy,1
loach,1
aloud,1
biont,1
fatty,1
veals,1
wyled,1
strew,1
newie,1
deary,1
larch,1
rotls,1
pavis,1
meeds,1
dekes,1
biffy,1
fully,1
liver,1
awols,1
cloak,1
manic,1
beses,1
saggy,1
cycas,1
venal,1
dolly,1
agist,1
silky,1
linns,1
yules,1
dirty,1
conus,1
tames,1
bunco,1
tuned,1
hexes,1
vista,1
diary,1
blare,1
bunko,1
ships,1
feels,1
fishy,1
ranid,1
leary,1
cuifs,1
terai,1
bronc,1
whirl,1
trace,1
loris,1
jibes,1
nanny,1
truth,1
sorbs,1
schav,1
peans,1
faena,1
doges,1
hyson,1
speir,1
judos,1
kyrie,1
noted,1
dwell,1
dhobi,1
irons,1
rouse,1
subah,1
druid,1
amide,1
solve,1
batts,1
robes,1
naiad,1
conte,1
porky,1
finch,1
salvo,1
spent,1
drips,1
judas,1
rails,1
coomb,1
wauks,1
boats,1
birds,1
amply,1
hurds,1
ruche,1
niter,1
cello,1
cubic,1
liana,1
dazes,1
swung,1
tunny,1
fidos,1
throw,1
goban,1
crura,1
tidal,1
mauds,1
tamal,1
spued,1
feuds,1
silty,1
label,1
repps,1
thens,1
loran,1
brans,1
spirt,1
ambry,1
aquae,1
borty,1
llama,1
laevo,1
frith,1
codec,1
lotte,1
leper,1
dinge,1
amies,1
enzym,1
blogs,1
eking,1
brays,1
burqa,1
cyano,1
camel,1
sassy,1
acted,1
batty,1
twine,1
turns,1
woful,1
habus,1
lases,1
zines,1
sheol,1
barky,1
carny,1
miaul,1
churl,1
saver,1
plots,1
buteo,1
tenge,1
glass,1
upbow,1
cuppy,1
lungs,1
psoas,1
cabob,1
calix,1
pivot,1
tates,1
lipid,1
spaed,1
tuber,1
fonds,1
dally,1
redos,1
fibre,1
rangy,1
moans,1
ingle,1
flows,1
clunk,1
mecca,1
upbye,1
cords,1
obits,1
jawan,1
waver,1
cuter,1
manat,1
stupe,1
debag,1
wanks,1
tells,1
eruct,1
trite,1
ajiva,1
luces,1
dauby,1
reeds,1
shuts,1
jerks,1
aloes,1
imped,1
popsy,1
croft,1
cheap,1
trend,1
lamby,1
liege,1
unbar,1
blown,1
awful,1
regna,1
daddy,1
trunk,1
areca,1
loral,1
unbox,1
gnats,1
raxed,1
worms,1
disme,1
stale,1
dower,1
viols,1
candy,1
marly,1
janes,1
lards,1
tooth,1
yurta,1
smush,1
nukes,1
raves,1
urine,1
sissy,1
pales,1
tushy,1
snags,1
cream,1
luged,1
kotow,1
hayey,1
corps,1
rugae,1
hazed,1
villi,1
vesta,1
raggs,1
spait,1
tizzy,1
wombs,1
mitre,1
edged,1
belle,1
blurt,1
laser,1
quare,1
sores,1
nowts,1
abase,1
goosy,1
nudzh,1
gonzo,1
ouphe,1
musty,1
minty,1
agmas,1
plume,1
glair,1
lycee,1
ebony,1
woozy,1
ankus,1
jaups,1
slops,1
fease,1
raged,1
dyked,1
groan,1
dopas,1
moved,1
limby,1
madly,1
dinar,1
matte,1
husks,1
plyer,1
balsa,1
datum,1
kooky,1
azuki,1
swigs,1
umbos,1
hooky,1
sates,1
obeli,1
bilgy,1
noter,1
askos,1
brock,1
loupe,1
sapid,1
lurer,1
solid,1
oasis,1
glove,1
anear,1
calls,1
djins,1
limen,1
omers,1
pacts,1
peaky,1
angle,1
items,1
masas,1
crake,1
cooee,1
chunk,1
lulus,1
scowl,1
tajes,1
fried,1
spado,1
threw,1
drove,1
deash,1
canon,1
algae,1
jefes,1
lochs,1
hover,1
odist,1
sauch,1
coyed,1
tools,1
wreak,1
warty,1
outdo,1
lousy,1
eagle,1
suras,1
caked,1
beret,1
ginzo,1
erect,1
prink,1
iglus,1
laxly,1
grana,1
goral,1
skald,1
pumps,1
stein,1
audad,1
drawl,1
pawer,1
birls,1
koala,1
tings,1
wooer,1
orang,1
sirup,1
faugh,1
pious,1
aargh,1
altos,1
quais,1
weans,1
hated,1
nairu,1
laved,1
gongs,1
could,1
yowes,1
duomo,1
agers,1
murrs,1
oinks,1
glops,1
amain,1
aalii,1
staid,1
dongs,1
delve,1
gipsy,1
wacko,1
tolas,1
triac,1
gyral,1
toper,1
arson,1
hoofs,1
bebop,1
kolos,1
elect,1
ilial,1
slake,1
galls,1
smaze,1
comal,1
betas,1
carns,1
egads,1
pylon,1
pilei,1
labra,1
muses,1
molas,1
float,1
cuvee,1
reify,1
sunny,1
bevor,1
neist,1
nodal,1
ephod,1
nexus,1
touch,1
glams,1
liman,1
rowen,1
malar,1
nenes,1
luted,1
rayah,1
chare,1
sided,1
forgo,1
canoe,1
seels,1
quack,1
lever,1
nelly,1
proem,1
weepy,1
shorn,1
gnawn,1
malls,1
aping,1
study,1
poppy,1
briny,1
rinse,1
makar,1
fanos,1
tiara,1
cults,1
cruet,1
frise,1
almes,1
weeny,1
capon,1
domic,1
dinky,1
fault,1
zooey,1
pucka,1
burly,1
clour,1
redry,1
curly,1
waste,1
banal,1
marse,1
awoke,1
sprue,1
again,1
hippo,1
biota,1
clown,1
cluck,1
liven,1
lurks,1
dials,1
trona,1
bises,1
glens,1
fichu,1
lands,1
taint,1
stats,1
spaes,1
narco,1
towie,1
trees,1
reifs,1
spree,1
belch,1
neddy,1
pings,1
stern,1
baize,1
amias,1
peeks,1
basis,1
gelds,1
grees,1
layup,1
korma,1
dells,1
wedgy,1
hokku,1
alkie,1
pulik,1
tyros,1
hebes,1
owing,1
boots,1
nitre,1
looby,1
alate,1
wavey,1
pines,1
flint,1
pupil,1
plonk,1
spool,1
abate,1
pulls,1
wires,1
puler,1
sinhs,1
fiver,1
swags,1
zoril,1
teloi,1
pimps,1
hoped,1
aryls,1
serer,1
modus,1
kolas,1
brine,1
dildo,1
nadas,1
lumen,1
yeahs,1
suite,1
toman,1
copes,1
ennui,1
nifty,1
samba,1
defer,1
flocs,1
heils,1
butte,1
trans,1
taluk,1
barms,1
oaken,1
santo,1
fists,1
stank,1
coats,1
primp,1
porks,1
wider,1
mucor,1
amnio,1
under,1
noily,1
colic,1
pongs,1
redly,1
wormy,1
creme,1
henge,1
amici,1
regal,1
yeuky,1
shahs,1
cycad,1
poets,1
price,1
rayas,1
frogs,1
rooms,1
palms,1
sniff,1
itchy,1
surfs,1
timer,1
adept,1
gaits,1
kerne,1
drift,1
orzos,1
lithe,1
selle,1
moxas,1
bumps,1
pappy,1
hound,1
gowds,1
fauns,1
prexy,1
evils,1
kloof,1
zippy,1
atomy,1
fiord,1
gloss,1
vying,1
husky,1
faggy,1
ihram,1
movie,1
guava,1
abaci,1
prods,1
khans,1
hemal,1
pilaf,1
saxes,1
croze,1
gaums,1
goony,1
lotos,1
genet,1
gloms,1
jewed,1
faery,1
lyard,1
meads,1
essay,1
modes,1
focus,1
mensa,1
serai,1
coude,1
verst,1
asked,1
hokes,1
ranis,1
bodes,1
flans,1
slubs,1
stare,1
blent,1
tahrs,1
vomit,1
horns,1
quota,1
spahi,1
dined,1
epoch,1
swash,1
exult,1
osier,1
alibi,1
tripe,1
pager,1
harks,1
buffo,1
kails,1
shoyu,1
weeks,1
slots,1
revel,1
poxed,1
nones,1
coped,1
skats,1
riser,1
appal,1
knosp,1
eases,1
pinky,1
calve,1
chums,1
latch,1
liter,1
ludic,1
chyme,1
albas,1
fader,1
unset,1
angst,1
zebec,1
casus,1
alias,1
tacts,1
geste,1
worse,1
fawns,1
busty,1
corer,1
bushy,1
rebuy,1
cause,1
chimb,1
pervs,1
jugal,1
bones,1
nosey,1
soyuz,1
purda,1
bawds,1
bloke,1
dupes,1
plasm,1
braid,1
hemin,1
hazer,1
copay,1
ether,1
tempo,1
sades,1
scree,1
tofts,1
deked,1
linum,1
ducts,1
karoo,1
libra,1
sojas,1
cymas,1
spier,1
spean,1
moths,1
filar,1
chevy,1
pawky,1
lytic,1
evite,1
colog,1
pansy,1
buran,1
inned,1
kapok,1
vaunt,1
filum,1
ferly,1
obols,1
snogs,1
yenta,1
pedal,1
glazy,1
wiggy,1
kojis,1
hyrax,1
crams,1
vault,1
duroc,1
drees,1
total,1
verso,1
arsis,1
ruled,1
shrub,1
stock,1
bribe,1
lingy,1
kvass,1
blahs,1
duits,1
fewer,1
keefs,1
solei,1
dunce,1
pilar,1
ergot,1
chive,1
stich,1
tules,1
gloat,1
chard,1
evade,1
vagus,1
carob,1
jawed,1
nixes,1
gappy,1
mangy,1
abash,1
stymy,1
alula,1
tummy,1
sheds,1
names,1
foggy,1
riels,1
wasts,1
kudus,1
farls,1
ragas,1
epact,1
toxin,1
cedes,1
lotto,1
voids,1
cages,1
spiel,1
bakes,1
titer,1
burro,1
darns,1
twice,1
indol,1
foray,1
rakes,1
psoai,1
rouge,1
onium,1
tolls,1
laris,1
nisei,1
gaped,1
sever,1
dungs,1
gales,1
mirth,1
azlon,1
sulus,1
maned,1
satem,1
arhat,1
theca,1
gnash,1
fries,1
croon,1
begun,1
pygmy,1
bidis,1
clavi,1
loads,1
heugh,1
ormer,1
chine,1
lease,1
today,1
offal,1
paean,1
ricks,1
scope,1
alien,1
heder,1
situs,1
donna,1
cubes,1
copra,1
flier,1
warts,1
braze,1
futon,1
calif,1
ottar,1
girls,1
gelid,1
texts,1
ended,1
pinny,1
state,1
belay,1
bouse,1
snell,1
chics,1
gride,1
limas,1
death,1
tsade,1
waugh,1
eagre,1
titis,1
opted,1
poses,1
admit,1
pubis,1
witty,1
guide,1
gramp,1
bossy,1
kliks,1
clean,1
dyads,1
kaput,1
chiro,1
gogos,1
vises,1
lingo,1
hocks,1
spile,1
wifed,1
taber,1
norms,1
sushi,1
bleed,1
ukase,1
vughs,1
torah,1
sayed,1
fulls,1
acock,1
immix,1
sewan,1
elver,1
apace,1
conga,1
bland,1
combo,1
folks,1
hooly,1
gybed,1
berms,1
youth,1
tangy,1
lofts,1
leech,1
abbas,1
gorse,1
begin,1
ossia,1
maxim,1
acred,1
raspy,1
derms,1
chimp,1
fluor,1
hakim,1
rutty,1
socko,1
kagus,1
grogs,1
tapir,1
celli,1
rider,1
soups,1
odeum,1
tryst,1
fugio,1
tombs,1
worst,1
recap,1
faxed,1
yores,1
ursid,1
gurge,1
rerig,1
squaw,1
chock,1
scabs,1
scuff,1
tasks,1
pilaw,1
linin,1
mutch,1
logic,1
koine,1
whiff,1
chase,1
ebook,1
molto,1
pussy,1
whore,1
lauan,1
flags,1
grace,1
brace,1
sandy,1
dread,1
vails,1
pions,1
scorn,1
bream,1
seder,1
cowry,1
kirks,1
kraft,1
dreck,1
beefs,1
unais,1
ranch,1
ottos,1
snubs,1
sherd,1
which,1
strum,1
peart,1
lynch,1
usque,1
dived,1
fossa,1
fairy,1
zloty,1
ocker,1
polos,1
leads,1
garda,1
paled,1
serif,1
views,1
roven,1
ovolo,1
goody,1
jisms,1
heads,1
warps,1
scrip,1
coxes,1
vexed,1
bucks,1
needy,1
spiny,1
knout,1
dorsa,1
sills,1
ohing,1
hurst,1
pricy,1
rejig,1
krubi,1
zincs,1
kufis,1
mezzo,1
bizes,1
auras,1
debug,1
aggro,1
puton,1
nyala,1
unwit,1
numbs,1
acnes,1
hijra,1
pluck,1
mirks,1
dawed,1
bortz,1
skill,1
doffs,1
mourn,1
vireo,1
setts,1
jager,1
slued,1
quell,1
tokes,1
seise,1
nippy,1
orgic,1
fauve,1
tewed,1
withy,1
dawks,1
pitas,1
torte,1
blind,1
cocoa,1
sutra,1
enoki,1
refel,1
spode,1
rajah,1
ditto,1
trims,1
saugh,1
skell,1
kists,1
pekan,1
treys,1
gland,1
picas,1
slips,1
males,1
mosts,1
cough,1
knurl,1
fever,1
skate,1
scatt,1
gooky,1
haint,1
lexis,1
lilts,1
sager,1
perps,1
knurs,1
eched,1
sneap,1
tatty,1
glume,1
glare,1
krone,1
sneer,1
ebons,1
smell,1
shawm,1
roily,1
panel,1
misos,1
badly,1
daffs,1
mover,1
vuggs,1
imbed,1
curls,1
stack,1
afore,1
punky,1
dhaks,1
khadi,1
baffs,1
plate,1
deity,1
palpi,1
plows,1
bowls,1
speak,1
lolly,1
snaps,1
bonze,1
slank,1
hansa,1
colas,1
split,1
beams,1
trust,1
kited,1
fours,1
fungo,1
sheas,1
crags,1
arene,1
sculp,1
silks,1
shake,1
wears,1
blats,1
forms,1
blurs,1
nubia,1
hulls,1
damar,1
dikes,1
shwas,1
waked,1
zonae,1
chook,1
crest,1
foist,1
trues,1
stoke,1
minae,1
testy,1
swarm,1
xylem,1
fille,1
fluke,1
tache,1
kikes,1
ferns,1
crore,1
sorns,1
ovary,1
crwth,1
ourie,1
kebab,1
gript,1
yechy,1
morns,1
pouff,1
gleet,1
fujis,1
block,1
dwarf,1
speck,1
shale,1
masts,1
intis,1
shown,1
charm,1
ravel,1
piney,1
buppy,1
brome,1
tenor,1
guffs,1
helot,1
yucch,1
laari,1
epode,1
claro,1
paths,1
wares,1
liker,1
pians,1
nobby,1
boils,1
gages,1
witch,1
acyls,1
stria,1
skort,1
racks,1
kelpy,1
dingy,1
fubsy,1
dewan,1
picky,1
balds,1
dowry,1
brake,1
pical,1
vower,1
dance,1
mates,1
volta,1
ylems,1
brims,1
brens,1
arrow,1
hills,1
taken,1
algal,1
brink,1
maize,1
punji,1
cymae,1
asyla,1
barny,1
glans,1
eyass,1
lamed,1
opine,1
makos,1
irids,1
walks,1
sworn,1
weald,1
stand,1
angry,1
lobby,1
apeak,1
intro,1
tubed,1
coots,1
unsex,1
hoyle,1
about,1
swale,1
cawed,1
falls,1
folds,1
boron,1
slues,1
spews,1
sorer,1
ameba,1
thraw,1
welch,1
cried,1
nimbi,1
ropes,1
addle,1
saber,1
oaten,1
annex,1
gamay,1
fella,1
brent,1
fagin,1
woman,1
piste,1
kelim,1
bolos,1
crick,1
khoum,1
mysid,1
xylol,1
tress,1
potsy,1
cooed,1
paned,1
punks,1
laugh,1
enorm,1
swing,1
ghoul,1
trier,1
denes,1
armor,1
stums,1
jacks,1
quilt,1
flesh,1
chick,1
culpa,1
dunam,1
loner,1
campy,1
gimel,1
penes,1
koras,1
deeps,1
embow,1
coble,1
senna,1
toter,1
toxic,1
pates,1
nylon,1
kites,1
deers,1
genro,1
ceder,1
benne,1
adage,1
wiles,1
teeth,1
ramee,1
fumes,1
buffs,1
yoked,1
props,1
rebus,1
urban,1
pushy,1
gighe,1
rifer,1
swans,1
sophs,1
spasm,1
podgy,1
drive,1
venae,1
coals,1
wager,1
wamus,1
kirns,1
paiks,1
mazer,1
smile,1
trawl,1
mages,1
cease,1
eosin,1
locus,1
cymes,1
glows,1
carls,1
soldo,1
skiff,1
bites,1
rajes,1
sorus,1
boogy,1
totes,1
spout,1
arses,1
dings,1
skene,1
scald,1
furan,1
slack,1
amort,1
snits,1
rekey,1
hoise,1
henna,1
miaow,1
purge,1
sines,1
anger,1
midst,1
imids,1
myrrh,1
aisle,1
joust,1
kotos,1
drone,1
battu,1
shady,1
title,1
fiend,1
paisa,1
klutz,1
savoy,1
shend,1
rocky,1
sucky,1
bazoo,1
wimpy,1
fores,1
yucky,1
bevel,1
films,1
clues,1
felid,1
bursa,1
moira,1
writs,1
tardy,1
taels,1
frock,1
plank,1
hulas,1
aside,1
trine,1
coala,1
simar,1
embed,1
rarer,1
spitz,1
pareu,1
antsy,1
omber,1
elint,1
humus,1
grams,1
chirr,1
swath,1
bothy,1
trooz,1
lesbo,1
resee,1
kissy,1
whirr,1
lamia,1
boors,1
emmys,1
dobie,1
coves,1
tamer,1
swine,1
stott,1
jowly,1
build,1
eskar,1
donor,1
perdy,1
gasps,1
waned,1
leady,1
boxed,1
manas,1
artsy,1
prigs,1
cecal,1
hyena,1
slits,1
sprig,1
kebar,1
ahull,1
mamba,1
alder,1
fusel,1
ursae,1
jives,1
whups,1
purrs,1
quaky,1
motes,1
machs,1
reeky,1
pujas,1
styli,1
hales,1
nomen,1
shogs,1
nicer,1
aulic,1
milch,1
humph,1
somas,1
ileum,1
kemps,1
crack,1
gamps,1
holms,1
idler,1
blink,1
crepy,1
paxes,1
aspen,1
plena,1
eggar,1
goats,1
typey,1
fatal,1
moggy,1
blawn,1
rakee,1
aurar,1
miggs,1
jiffy,1
louis,1
biped,1
corny,1
pools,1
lamps,1
loses,1
trave,1
welds,1
tared,1
ridge,1
gyred,1
axled,1
luaus,1
alkyl,1
colza,1
smith,1
reink,1
babus,1
crowd,1
altho,1
hoggs,1
coons,1
snath,1
tawie,1
thunk,1
girds,1
cully,1
relit,1
gores,1
burka,1
fifed,1
finks,1
droit,1
soyas,1
aland,1
redub,1
amour,1
borts,1
train,1
vicar,1
exalt,1
micas,1
sonly,1
rykes,1
olden,1
trull,1
torsi,1
borne,1
uncos,1
glaze,1
highs,1
dites,1
audio,1
scamp,1
bulgy,1
wacke,1
taxon,1
nerol,1
ridgy,1
kebob,1
snark,1
logoi,1
cebid,1
dreed,1
winks,1
turds,1
penna,1
nitid,1
vinal,1
vrows,1
yauds,1
divot,1
frank,1
rests,1
topic,1
seems,1
repeg,1
newer,1
snugs,1
loper,1
slick,1
aphid,1
fosse,1
marsh,1
south,1
tuner,1
vexil,1
beaky,1
canes,1
bourn,1
snows,1
hiply,1
siver,1
unfed,1
ratal,1
logia,1
bonne,1
jeton,1
group,1
hoops,1
coxae,1
azide,1
drums,1
agony,1
aleph,1
gipon,1
waled,1
bedew,1
prows,1
color,1
scats,1
pomos,1
seedy,1
bouts,1
jambs,1
bovid,1
hussy,1
veldt,1
drink,1
rands,1
hants,1
spook,1
earls,1
foley,1
andro,1
mense,1
perry,1
drain,1
dewed,1
sires,1
blunt,1
frigs,1
pedro,1
kanas,1
dimly,1
troke,1
chads,1
scone,1
cohog,1
hakes,1
aglee,1
rotte,1
molds,1
laigh,1
praus,1
stews,1
sonsy,1
maill,1
abamp,1
zaxes,1
cedar,1
tinct,1
ramen,1
emmet,1
sigma,1
nicol,1
comae,1
gleba,1
bugle,1
etude,1
biros,1
feign,1
slump,1
bagel,1
scena,1
feces,1
boody,1
thewy,1
limos,1
lieve,1
culms,1
naled,1
zerks,1
comes,1
ither,1
jiver,1
seamy,1
glued,1
sitar,1
foehn,1
elves,1
dotal,1
lucre,1
egger,1
yeses,1
dungy,1
great,1
boney,1
kilim,1
nodes,1
dizzy,1
piper,1
gamic,1
spire,1
abeam,1
julep,1
rival,1
gimme,1
simas,1
taunt,1
lamas,1
cheat,1
nidal,1
sipes,1
awash,1
cutey,1
piece,1
poise,1
catch,1
hosts,1
stubs,1
mujik,1
yipes,1
grits,1
deray,1
gigas,1
bandy,1
grosz,1
azoic,1
roost,1
lyase,1
lough,1
recur,1
hempy,1
thein,1
amped,1
noisy,1
plebe,1
zooms,1
inner,1
gains,1
spays,1
zombi,1
sport,1
grads,1
wanes,1
mouth,1
fiery,1
ember,1
theft,1
bough,1
haulm,1
ralph,1
kinky,1
sling,1
weens,1
unbid,1
noels,1
aback,1
zoned,1
weave,1
scars,1
craze,1
bands,1
swats,1
union,1
vanda,1
lobes,1
zarfs,1
lipin,1
huzza,1
chair,1
tapis,1
pupae,1
yagis,1
lindy,1
riper,1
rooty,1
mixes,1
miffy,1
zayin,1
coypu,1
vales,1
mauts,1
creds,1
recks,1
bikes,1
dirts,1
basks,1
broom,1
troth,1
alary,1
flips,1
prims,1
axils,1
whids,1
elate,1
valve,1
sorel,1
hents,1
grown,1
dicer,1
cozey,1
sarks,1
golly,1
cyans,1
mares,1
costs,1
osmol,1
atrip,1
scads,1
pyric,1
ketch,1
nakfa,1
magma,1
kithe,1
axons,1
drama,1
unarm,1
pyoid,1
bilge,1
folic,1
belga,1
faces,1
gulch,1
savvy,1
tenon,1
unmew,1
recit,1
songs,1
wiled,1
uncoy,1
shiel,1
chape,1
fives,1
aline,1
model,1
carex,1
